Row Col Value
0 0 750
0 1 -750
1 0 -750
1 1 750
2 2 750
2 3 -750
3 2 -750
3 3 750
4 4 750
4 5 -750
5 4 -750
5 5 750
6 6 750
6 7 -750
7 6 -750
7 7 750
8 8 937.5
8 9 -750
8 10 -187.5
9 8 -750
9 9 937.5
9 11 -187.5
10 8 -187.5
10 10 937.5
10 11 -750
11 9 -187.5
11 10 -750
11 11 937.5
12 12 750
12 13 -750
13 12 -750
13 13 750
14 14 750
14 15 -750
15 14 -750
15 15 750
16 16 750
16 17 -750
17 16 -750
17 17 750
18 18 750
18 19 -750
19 18 -750
19 19 750
20 20 750
20 21 -750
21 20 -750
21 21 750
22 22 937.5
22 23 -750
22 24 -187.5
23 22 -750
23 23 937.5
23 25 -187.5
24 22 -187.5
24 24 937.5
24 25 -750
25 23 -187.5
25 24 -750
25 25 937.5
26 26 750
26 27 -750
27 26 -750
27 27 750
28 28 937.5
28 29 -750
28 30 -187.5
29 28 -750
29 29 937.5
29 31 -187.5
30 28 -187.5
30 30 937.5
30 31 -750
31 29 -187.5
31 30 -750
31 31 937.5
32 32 750
32 37 -750
33 33 750
33 34 -750
34 33 -750
34 34 750
35 35 750
35 36 -750
36 35 -750
36 36 750
37 32 -750
37 37 937.5
37 38 -187.5
38 37 -187.5
38 38 937.5
38 39 -750
39 38 -750
39 39 750
40 40 750
40 41 -750
41 40 -750
41 41 750
42 42 750
42 43 -750
43 42 -750
43 43 750
44 44 750
44 45 -750
45 44 -750
45 45 750
46 46 750
46 47 -750
47 46 -750
47 47 937.5
47 52 -187.5
48 48 750
48 49 -750
49 48 -750
49 49 750
50 50 750
50 51 -750
51 50 -750
51 51 937.5
51 52 -187.5
52 47 -187.5
52 51 -187.5
52 52 1500
52 53 -750
52 54 -187.5
52 63 -125
52 310 -62.5
53 52 -750
53 53 1125
53 54 -150
53 63 -104.167
53 303 -37.5
53 310 -83.3333
54 52 -187.5
54 53 -150
54 54 1620
54 55 -412.5
54 64 -340.909
54 301 -93.75
54 302 -18.75
54 303 -45
54 304 -150
54 311 -221.591
55 54 -412.5
55 55 1687.5
55 56 -412.5
55 65 -340.909
55 303 -150
55 305 -150
55 312 -221.591
56 55 -412.5
56 56 1657.5
56 57 -262.5
56 58 -187.5
56 66 -340.909
56 304 -150
56 305 -45
56 306 -37.5
56 313 -221.591
57 56 -262.5
57 57 1078.12
57 58 -421.875
57 59 -93.75
57 67 -125
57 305 -18.75
57 314 -156.25
58 56 -187.5
58 57 -421.875
58 58 1265.62
58 59 -93.75
58 60 -187.5
58 67 -62.5
58 305 -93.75
58 314 -218.75
59 57 -93.75
59 58 -93.75
59 59 1312.5
59 60 -750
59 61 -187.5
59 68 -62.5
59 317 -125
60 58 -187.5
60 59 -750
60 60 1312.5
60 62 -187.5
60 68 -31.25
60 317 -156.25
61 59 -187.5
61 61 1125
61 62 -750
61 69 -62.5
61 320 -125
62 60 -187.5
62 61 -750
62 62 1125
62 69 -31.25
62 320 -156.25
63 52 -125
63 53 -104.167
63 63 1909.72
63 64 -710.227
63 74 -729.167
63 301 -83.3333
63 302 -41.6667
63 310 319.444
63 311 -227.273
63 327 -208.333
64 54 -340.909
64 63 -710.227
64 64 3068.18
64 65 -784.091
64 75 -750
64 303 -221.591
64 310 -397.727
64 311 852.273
64 312 -340.909
64 328 -375
65 55 -340.909
65 64 -784.091
65 65 3069.73
65 66 -784.091
65 76 -750
65 304 -221.591
65 311 -340.909
65 312 867.769
65 313 -340.909
65 329 -375
66 56 -340.909
66 65 -784.091
66 66 2742.77
66 67 -556.818
66 77 -93.75
66 78 -264.205
66 79 -272.727
66 305 -221.591
66 312 -340.909
66 313 700.413
66 314 -397.727
66 315 -51.1364
66 316 -34.0909
66 330 -85.2273
67 57 -125
67 58 -62.5
67 66 -556.818
67 67 1781.25
67 68 -473.958
67 80 -93.75
67 81 -250
67 82 -31.25
67 313 -99.4318
67 314 93.75
67 317 -182.292
68 59 -62.5
68 60 -31.25
68 67 -473.958
68 68 1734.37
68 69 -473.958
68 83 -93.75
68 84 -250
68 85 -31.25
68 314 -182.292
68 317 46.875
68 320 -182.292
69 61 -62.5
69 62 -31.25
69 68 -473.958
69 69 1645.83
69 70 -187.5
69 71 -156.25
69 72 -93.75
69 73 -62.5
69 86 -187.5
69 87 -156.25
69 88 -31.25
69 317 -182.292
69 320 -20.8333
70 69 -187.5
70 70 1125
70 71 -750
70 89 -187.5
71 69 -156.25
71 70 -750
71 71 1125
71 90 -187.5
71 320 -31.25
72 69 -93.75
72 72 937.5
72 73 -750
72 320 -93.75
73 69 -62.5
73 72 -750
73 73 937.5
73 320 -125
74 63 -729.167
74 74 2886.72
74 75 -781.25
74 93 -312.5
74 94 -578.125
74 310 -442.708
74 327 597.656
74 328 -437.5
74 344 -109.375
74 345 -78.125
74 346 -15.625
75 64 -750
75 74 -781.25
75 75 3663.46
75 76 -908.654
75 95 -849.265
75 311 -375
75 327 -343.75
75 328 1211.54
75 329 -403.846
75 348 -463.235
76 65 -750
76 75 -908.654
76 76 3579.14
76 77 -274.038
76 78 -245.192
76 79 -288.462
76 96 -849.265
76 312 -375
76 328 -403.846
76 329 1093.93
76 330 -115.385
76 349 -463.235
77 66 -93.75
77 76 -274.038
77 77 1312.5
77 78 -375
77 80 -234.375
77 81 -46.875
77 97 -275
77 329 -7.21154
77 350 -6.25
78 66 -264.205
78 76 -245.192
78 77 -375
78 78 1500
78 80 -46.875
78 81 -234.375
78 97 -250
78 313 -17.0455
78 329 -36.0577
78 350 -31.25
79 66 -272.727
79 76 -288.462
79 79 2571.43
79 82 -535.714
79 97 -350
79 313 -477.273
79 329 -461.538
79 330 428.571
79 331 -214.286
79 350 -400
80 67 -93.75
80 77 -234.375
80 78 -46.875
80 80 1312.5
80 81 -375
80 83 -234.375
80 84 -46.875
80 98 -270.833
80 351 -10.4167
81 67 -250
81 77 -46.875
81 78 -234.375
81 80 -375
81 81 1500
81 83 -46.875
81 84 -234.375
81 98 -229.167
81 314 -31.25
81 351 -52.0833
82 67 -31.25
82 79 -535.714
82 82 2326.53
82 85 -267.857
82 98 -113.095
82 314 -316.964
82 315 -107.143
82 316 -80.3571
82 330 -214.286
82 331 191.327
82 332 -214.286
82 333 -66.9643
82 334 -13.3929
82 351 -476.19
82 352 -73.6607
82 353 -6.69643
83 68 -93.75
83 80 -234.375
83 81 -46.875
83 83 1125
83 84 -375
83 86 -93.75
83 99 -234.375
83 100 -46.875
84 68 -250
84 80 -46.875
84 81 -234.375
84 83 -375
84 84 1500
84 86 -93.75
84 87 -187.5
84 99 -46.875
84 100 -234.375
84 317 -31.25
85 68 -31.25
85 82 -267.857
85 85 1500
85 88 -234.375
85 101 -150
85 317 -250
85 331 -13.3929
85 332 -375
85 335 -46.875
85 354 -131.25
86 69 -187.5
86 83 -93.75
86 84 -93.75
86 86 1500
86 87 -750
86 89 -187.5
86 102 -93.75
86 103 -93.75
87 69 -156.25
87 84 -187.5
87 86 -750
87 87 1500
87 90 -187.5
87 103 -187.5
87 320 -31.25
88 69 -31.25
88 85 -234.375
88 88 1125
88 320 -250
88 332 -46.875
88 335 -375
88 338 -93.75
88 357 -93.75
89 70 -187.5
89 86 -187.5
89 89 1500
89 90 -750
89 91 -187.5
89 107 -187.5
90 71 -187.5
90 87 -187.5
90 89 -750
90 90 1312.5
90 92 -187.5
91 89 -187.5
91 91 1125
91 92 -750
91 109 -187.5
92 90 -187.5
92 91 -750
92 92 937.5
93 74 -312.5
93 93 1693.36
93 94 181.641
93 95 -727.941
93 110 -179.688
93 111 -312.5
93 112 -93.75
93 113 -70.3125
93 114 -23.4375
93 327 -39.0625
93 348 -115.809
94 74 -578.125
94 93 181.641
94 94 2068.36
94 95 -562.5
94 110 -7.8125
94 111 -62.5
94 112 -93.75
94 113 -117.188
94 114 -164.062
94 115 -187.5
94 327 -195.312
94 348 -281.25
95 75 -849.265
95 93 -727.941
95 94 -562.5
95 95 4496.11
95 96 -1158.09
95 116 -183.824
95 117 -345.588
95 118 -716.912
95 328 -463.235
95 344 -110.294
95 345 -88.2353
95 346 -51.4706
95 347 -14.7059
95 348 1592.13
95 349 -529.412
95 369 -286.765
96 76 -849.265
96 95 -1158.09
96 96 4194.42
96 97 -911.765
96 119 -183.824
96 120 -345.588
96 121 -716.912
96 329 -463.235
96 348 -529.412
96 349 1662.2
96 350 -411.765
96 370 -286.765
97 77 -275
97 78 -250
97 79 -350
97 96 -911.765
97 97 4044.17
97 98 -770.833
97 123 -187.5
97 124 -812.5
97 330 -200
97 349 -588.235
97 350 1293.33
97 351 -541.667
97 352 -93.75
97 353 -31.25
97 371 -325
98 80 -270.833
98 81 -229.167
98 82 -113.095
98 97 -770.833
98 98 2532.41
98 99 -270.833
98 100 -229.167
98 101 -229.167
98 126 -187.5
98 127 -356.481
98 331 -11.9048
98 350 -166.667
98 351 467.593
98 354 -83.3333
98 372 -81.0185
99 83 -234.375
99 84 -46.875
99 98 -270.833
99 99 1453.12
99 100 -421.875
99 102 -234.375
99 103 -46.875
99 129 -187.5
99 351 -10.4167
100 83 -46.875
100 84 -234.375
100 98 -229.167
100 99 -421.875
100 100 1265.62
100 102 -46.875
100 103 -234.375
100 351 -52.0833
101 85 -150
101 98 -229.167
101 101 1725
101 104 -187.5
101 105 -150
101 130 -416.667
101 332 -75
101 351 -333.333
101 354 75
101 357 -93.75
101 358 -18.75
101 375 -145.833
102 86 -93.75
102 99 -234.375
102 100 -46.875
102 102 1078.12
102 103 -421.875
102 106 -187.5
102 107 -93.75
103 86 -93.75
103 87 -187.5
103 99 -46.875
103 100 -234.375
103 102 -421.875
103 103 1078.12
103 107 -93.75
104 101 -187.5
104 104 1125
104 105 -750
104 131 -164.062
104 378 -23.4375
105 101 -150
105 104 -750
105 105 1125
105 131 -140.625
105 354 -37.5
105 378 -46.875
106 102 -187.5
106 106 1125
106 107 -750
106 108 -187.5
107 89 -187.5
107 102 -93.75
107 103 -93.75
107 106 -750
107 107 1312.5
107 109 -187.5
108 106 -187.5
108 108 937.5
108 109 -750
109 91 -187.5
109 107 -187.5
109 108 -750
109 109 1125
110 93 -179.688
110 94 -7.8125
110 110 1166.67
110 111 -291.667
110 116 -291.667
110 117 -83.3333
110 133 -187.5
110 134 -125
111 93 -312.5
111 94 -62.5
111 110 -291.667
111 111 1291.67
111 116 -83.3333
111 117 -291.667
111 134 -62.5
111 135 -187.5
112 93 -93.75
112 94 -93.75
112 112 1312.5
112 113 -750
112 118 -187.5
112 136 -187.5
113 93 -70.3125
113 94 -117.188
113 112 -750
113 113 1125
113 118 -174.107
113 369 -13.3929
114 93 -23.4375
114 94 -164.062
114 114 1125
114 115 -750
114 118 -147.321
114 369 -40.1786
115 94 -187.5
115 114 -750
115 115 1312.5
115 118 -133.929
115 137 -187.5
115 369 -53.5714
116 95 -183.824
116 110 -291.667
116 111 -83.3333
116 116 1208.33
116 117 -208.333
116 119 -291.667
116 120 -83.3333
116 138 -62.5
116 348 -3.67647
117 95 -345.588
117 110 -83.3333
117 111 -291.667
117 116 -208.333
117 117 1645.83
117 119 -83.3333
117 120 -291.667
117 138 -301.471
117 348 -29.4118
117 387 -11.0294
118 95 -716.912
118 112 -187.5
118 113 -174.107
118 114 -147.321
118 115 -133.929
118 118 4070.47
118 121 -970.982
118 138 -799.632
118 348 -689.338
118 367 -321.429
118 368 -160.714
118 369 1273.28
118 370 -435.268
118 387 -606.618
119 96 -183.824
119 116 -291.667
119 117 -83.3333
119 119 937.5
119 120 -250
119 122 -62.5
119 139 -62.5
119 349 -3.67647
120 96 -345.588
120 116 -83.3333
120 117 -291.667
120 119 -250
120 120 1625
120 122 -125
120 123 -187.5
120 139 -301.471
120 349 -29.4118
120 388 -11.0294
121 96 -716.912
121 118 -970.982
121 121 4285.71
121 124 -970.982
121 139 -799.632
121 349 -689.338
121 369 -435.268
121 370 1339.29
121 371 -435.268
121 388 -606.618
122 119 -62.5
122 120 -125
122 122 1312.5
122 123 -750
122 125 -187.5
122 140 -187.5
123 97 -187.5
123 120 -187.5
123 122 -750
123 123 1500
123 126 -187.5
123 140 -176.471
123 389 -11.0294
124 97 -812.5
124 121 -970.982
124 124 4089.6
124 127 -691.964
124 140 -799.632
124 350 -593.75
124 370 -435.268
124 371 1307.72
124 372 -446.429
124 373 -33.4821
124 374 -6.69643
124 389 -606.618
125 122 -187.5
125 125 1312.5
125 126 -750
125 128 -187.5
125 141 -187.5
126 98 -187.5
126 123 -187.5
126 125 -750
126 126 1500
126 129 -187.5
126 141 -174.107
126 390 -13.3929
127 98 -356.481
127 124 -691.964
127 127 3046.3
127 130 -659.722
127 141 -491.071
127 351 -518.519
127 352 -20.8333
127 371 -245.536
127 372 662.037
127 375 -277.778
127 390 -446.429
128 125 -187.5
128 128 1125
128 129 -750
128 142 -187.5
129 99 -187.5
129 126 -187.5
129 128 -750
129 129 1312.5
129 142 -93.75
129 143 -93.75
130 101 -416.667
130 127 -659.722
130 130 2326.39
130 131 -625
130 354 -270.833
130 355 -20.8333
130 372 -277.778
130 375 569.444
130 378 -312.5
130 393 -208.333
130 394 -104.167
131 104 -164.062
131 105 -140.625
131 130 -625
131 131 2039.06
131 132 -597.656
131 357 -128.906
131 358 -82.0312
131 375 -218.75
131 378 398.438
131 381 -246.094
131 397 -175.781
131 398 -58.5938
132 131 -597.656
132 132 1168.95
132 363 -93.75
132 364 -70.3125
132 378 -246.094
132 381 26.3672
132 382 -93.75
132 383 -70.3125
132 384 -23.4375
133 110 -187.5
133 133 1125
133 134 -750
133 146 -156.25
133 147 -31.25
134 110 -125
134 111 -62.5
134 133 -750
134 134 1125
134 146 -125
134 147 -62.5
135 111 -187.5
135 135 1218.75
135 136 -468.75
135 138 -259.191
135 146 -78.125
135 147 -203.125
135 387 -22.0588
136 112 -187.5
136 135 -468.75
136 136 1218.75
136 138 -237.132
136 146 -15.625
136 147 -265.625
136 387 -44.1176
137 115 -187.5
137 137 2238.43
137 138 -404.412
137 148 -401.042
137 367 -416.667
137 368 -166.667
137 386 365.741
137 387 -533.088
137 401 -473.958
137 402 -20.8333
138 116 -62.5
138 117 -301.471
138 118 -799.632
138 135 -259.191
138 136 -237.132
138 137 -404.412
138 138 4414.36
138 139 -1158.09
138 149 -1017.86
138 369 -358.456
138 386 -202.206
138 387 1585.64
138 388 -529.412
138 404 -669.643
139 119 -62.5
139 120 -301.471
139 121 -799.632
139 138 -1158.09
139 139 4883.43
139 140 -1158.09
139 150 -1017.86
139 370 -358.456
139 387 -529.412
139 388 1701.12
139 389 -529.412
139 405 -669.643
140 122 -187.5
140 123 -176.471
140 124 -799.632
140 139 -1158.09
140 140 4857.48
140 141 -1047.79
140 151 -653.281
140 371 -358.456
140 388 -529.412
140 389 1638.84
140 390 -606.618
140 391 -11.0294
140 406 -802.602
140 407 -128.676
140 408 -36.7647
141 125 -187.5
141 126 -174.107
141 127 -491.071
141 140 -1047.79
141 141 3509.89
141 142 -274.554
141 143 -247.768
141 152 -109.821
141 153 -412.5
141 154 -390.625
141 372 -245.536
141 389 -358.456
141 390 1003.51
141 393 -167.411
141 394 -100.446
141 409 -265.625
141 410 -37.9464
141 411 -2.23214
142 128 -187.5
142 129 -93.75
142 141 -274.554
142 142 1312.5
142 143 -375
142 144 -234.375
142 145 -46.875
142 157 -93.75
142 390 -6.69643
143 129 -93.75
143 141 -247.768
143 142 -375
143 143 1312.5
143 144 -46.875
143 145 -234.375
143 157 -93.75
143 158 -187.5
143 390 -33.4821
144 142 -234.375
144 143 -46.875
144 144 843.75
144 145 -468.75
144 163 -93.75
145 142 -46.875
145 143 -234.375
145 144 -468.75
145 145 1031.25
145 163 -93.75
145 164 -187.5
146 133 -156.25
146 134 -125
146 135 -78.125
146 136 -15.625
146 146 1494.79
146 147 36.4583
146 149 -604.167
146 176 -187.5
146 177 -250
146 178 -62.5
146 404 -52.0833
147 133 -31.25
147 134 -62.5
147 135 -203.125
147 136 -265.625
147 146 36.4583
147 147 1807.29
147 149 -520.833
147 177 -312.5
147 178 -312.5
147 404 -135.417
148 137 -401.042
148 148 1623.05
148 149 -428.571
148 179 -164.062
148 180 -140.625
148 386 -91.1458
148 401 251.953
148 404 -415.179
148 428 -187.5
148 429 -46.875
149 138 -1017.86
149 146 -604.167
149 147 -520.833
149 148 -428.571
149 149 5422.62
149 150 -1407.74
149 181 -1375
149 387 -508.929
149 401 -294.643
149 402 -41.6667
149 403 -11.9048
149 404 2130.95
149 405 -654.762
149 432 -687.5
150 139 -1017.86
150 149 -1407.74
150 150 5491.92
150 151 -1062.5
150 182 -1375
150 388 -508.929
150 404 -654.762
150 405 2159.86
150 406 -750
150 407 -135.417
150 408 -52.0833
150 433 -687.5
151 140 -653.281
151 150 -1062.5
151 151 3502.59
151 152 -504.808
151 153 -403.846
151 154 -218.75
151 183 -1027.17
151 389 -139.989
151 405 -250
151 406 1127.22
151 409 -84.1346
151 434 -285.326
152 141 -109.821
152 151 -504.808
152 152 1695
152 153 30
152 155 -262.5
152 156 -187.5
152 157 -37.5
152 184 -300
152 185 -262.5
152 390 -2.67857
152 406 -57.6923
153 141 -412.5
153 151 -403.846
153 152 30
153 153 1807.5
153 155 -18.75
153 156 -93.75
153 157 -150
153 158 -187.5
153 184 -75
153 185 -300
153 390 -37.5
153 406 -158.654
154 141 -390.625
154 151 -218.75
154 154 2182.29
154 159 -187.5
154 160 -156.25
154 186 -521.635
154 390 -265.625
154 406 -437.5
154 409 161.458
154 412 -31.25
154 435 -134.615
155 152 -262.5
155 153 -18.75
155 155 1265.62
155 156 -421.875
155 161 -234.375
155 162 -46.875
155 187 -206.25
155 188 -75
156 152 -187.5
156 153 -93.75
156 155 -421.875
156 156 1265.62
156 161 -46.875
156 162 -234.375
156 187 -131.25
156 188 -150
157 142 -93.75
157 143 -93.75
157 152 -37.5
157 153 -150
157 157 1500
157 158 -750
157 163 -187.5
157 188 -187.5
158 143 -187.5
158 153 -187.5
158 157 -750
158 158 1312.5
158 164 -187.5
159 154 -187.5
159 159 1312.5
159 160 -750
159 165 -187.5
159 189 -173.077
159 438 -14.4231
160 154 -156.25
160 159 -750
160 160 1312.5
160 166 -187.5
160 189 -158.654
160 409 -31.25
160 438 -28.8462
161 155 -234.375
161 156 -46.875
161 161 1265.62
161 162 -421.875
161 167 -234.375
161 168 -46.875
161 190 -156.25
161 191 -125
162 155 -46.875
162 156 -234.375
162 161 -421.875
162 162 1265.62
162 167 -46.875
162 168 -234.375
162 190 -31.25
162 191 -250
163 144 -93.75
163 145 -93.75
163 157 -187.5
163 163 1312.5
163 164 -750
163 169 -187.5
164 145 -187.5
164 158 -187.5
164 163 -750
164 164 1312.5
164 170 -187.5
165 159 -187.5
165 165 1312.5
165 166 -750
165 171 -187.5
165 192 -187.5
166 160 -187.5
166 165 -750
166 166 1312.5
166 172 -187.5
166 192 -93.75
166 193 -93.75
167 161 -234.375
167 162 -46.875
167 167 1218.75
167 168 -468.75
167 173 -234.375
167 174 -46.875
167 195 -187.5
168 161 -46.875
168 162 -234.375
168 167 -468.75
168 168 1031.25
168 173 -46.875
168 174 -234.375
169 163 -187.5
169 169 937.5
169 170 -750
170 164 -187.5
170 169 -750
170 170 937.5
171 165 -187.5
171 171 937.5
171 172 -750
172 166 -187.5
172 171 -750
172 172 937.5
173 167 -234.375
173 168 -46.875
173 173 796.875
173 174 -515.625
174 167 -46.875
174 168 -234.375
174 173 -515.625
174 174 796.875
175 175 1125
175 176 -750
175 181 -187.5
175 198 -187.5
176 146 -187.5
176 175 -750
176 176 1312.5
176 181 -179.348
176 198 -93.75
176 199 -93.75
176 432 -8.15217
177 146 -250
177 147 -312.5
177 177 1470
177 178 -45
177 181 -456.522
177 200 -150
177 201 -112.5
177 202 -37.5
177 432 -105.978
178 146 -62.5
178 147 -312.5
178 177 -45
178 178 1432.5
178 181 -399.457
178 200 -37.5
178 201 -75
178 202 -325.781
178 432 -163.043
178 449 -11.7188
179 148 -164.062
179 179 1312.5
179 180 -750
179 181 -105.978
179 202 -152.344
179 401 -23.4375
179 432 -81.5217
179 449 -35.1562
180 148 -140.625
180 179 -750
180 180 1312.5
180 181 -97.8261
180 202 -140.625
180 401 -46.875
180 432 -89.6739
180 449 -46.875
181 149 -1375
181 175 -187.5
181 176 -179.348
181 177 -456.522
181 178 -399.457
181 179 -105.978
181 180 -97.8261
181 181 6024.46
181 182 -1532.61
181 203 -1024.46
181 404 -687.5
181 428 -211.957
181 429 -154.891
181 430 -38.0435
181 431 -10.8696
181 432 2298.91
181 433 -717.391
181 450 -777.174
181 451 -258.152
181 452 -108.696
182 150 -1375
182 181 -1532.61
182 182 6298.79
182 183 -1532.61
182 204 -1024.46
182 405 -687.5
182 432 -717.391
182 433 2432.18
182 434 -717.391
182 453 -777.174
182 454 -258.152
182 455 -108.696
183 151 -1027.17
183 182 -1532.61
183 183 6172.26
183 184 -529.891
183 185 -472.826
183 186 -684.783
183 205 -1024.46
183 406 -741.848
183 407 -152.174
183 408 -76.087
183 433 -717.391
183 434 2338.61
183 435 -399.457
183 436 -8.15217
183 456 -777.174
183 457 -258.152
183 458 -108.696
184 152 -300
184 153 -75
184 183 -529.891
184 184 1912.5
184 185 150
184 187 -412.5
184 188 -150
184 206 -500
184 434 -32.6087
184 459 -62.5
185 152 -262.5
185 153 -300
185 183 -472.826
185 184 150
185 185 2100
185 187 -150
185 188 -412.5
185 206 -390.625
185 434 -89.6739
185 459 -171.875
186 154 -521.635
186 183 -684.783
186 186 3767.75
186 189 -908.654
186 206 -210.337
186 409 -387.019
186 410 -120.192
186 411 -24.0385
186 434 -627.717
186 435 1107.25
186 438 -403.846
186 459 -698.317
186 460 -180.288
186 461 -108.173
187 155 -206.25
187 156 -131.25
187 184 -412.5
187 185 -150
187 187 1897.5
187 188 90
187 190 -325
187 191 -200
187 207 -500
187 464 -62.5
188 155 -75
188 156 -150
188 157 -187.5
188 184 -150
188 185 -412.5
188 187 90
188 188 1672.5
188 190 -50
188 191 -175
188 207 -390.625
188 464 -171.875
189 159 -173.077
189 160 -158.654
189 186 -908.654
189 189 3105.4
189 192 -252.404
189 193 -223.558
189 207 -210.337
189 412 -100.962
189 413 -86.5385
189 414 -120.192
189 415 -24.0385
189 435 -403.846
189 438 774.408
189 441 -165.865
189 442 -137.019
189 443 -57.6923
189 444 -28.8462
189 464 -698.317
189 465 -79.3269
189 466 -50.4808
190 161 -156.25
190 162 -31.25
190 187 -325
190 188 -50
190 190 1437.5
190 191 -250
190 194 -187.5
190 195 -125
190 208 -187.5
190 209 -125
191 161 -125
191 162 -250
191 187 -200
191 188 -175
191 190 -250
191 191 1312.5
191 195 -62.5
191 209 -62.5
191 210 -187.5
192 165 -187.5
192 166 -93.75
192 189 -252.404
192 192 1265.62
192 193 -421.875
192 212 -257.812
192 438 -28.8462
192 469 -23.4375
193 166 -93.75
193 189 -223.558
193 192 -421.875
193 193 1078.12
193 212 -164.062
193 438 -57.6923
193 469 -117.188
194 190 -187.5
194 194 1125
194 195 -750
194 213 -187.5
195 167 -187.5
195 190 -125
195 191 -62.5
195 194 -750
195 195 1312.5
195 214 -187.5
196 196 750
196 197 -750
197 196 -750
197 197 750
198 175 -187.5
198 176 -93.75
198 198 1265.62
198 199 -421.875
198 203 -273.438
198 220 -277.174
198 450 -7.8125
198 479 -4.07609
199 176 -93.75
199 198 -421.875
199 199 1078.12
199 203 -242.188
199 220 -260.87
199 450 -39.0625
199 479 -20.3804
200 177 -150
200 178 -37.5
200 200 1312.5
200 201 -750
200 203 -125
200 220 -154.891
200 450 -62.5
200 479 -32.6087
201 177 -112.5
201 178 -75
201 200 -750
201 201 1312.5
201 203 -109.375
201 220 -146.739
201 450 -78.125
201 479 -40.7609
202 177 -37.5
202 178 -325.781
202 179 -152.344
202 180 -140.625
202 202 3368.41
202 203 -214.844
202 220 -762.228
202 428 -304.688
202 429 -222.656
202 430 -54.6875
202 431 -15.625
202 449 955.811
202 450 -734.375
202 451 -371.094
202 452 -156.25
202 479 -831.522
203 181 -1024.46
203 198 -273.438
203 199 -242.188
203 200 -125
203 201 -109.375
203 202 -214.844
203 203 3639.32
203 204 -846.354
203 221 -1024.46
203 432 -194.293
203 449 -19.5312
203 450 1001.3
203 453 -372.396
203 480 -194.293
204 182 -1024.46
204 203 -846.354
204 204 3791.67
204 205 -846.354
204 222 -1024.46
204 433 -194.293
204 450 -372.396
204 453 1083.33
204 456 -372.396
204 481 -194.293
205 183 -1024.46
205 204 -846.354
205 205 3791.67
205 206 -846.354
205 223 -1024.46
205 434 -194.293
205 453 -372.396
205 456 1083.33
205 459 -372.396
205 482 -194.293
206 184 -500
206 185 -390.625
206 186 -210.337
206 205 -846.354
206 206 3744.79
206 207 -846.354
206 224 -812.5
206 225 -406.25
206 435 -24.0385
206 456 -372.396
206 459 1036.46
206 464 -372.396
207 187 -500
207 188 -390.625
207 189 -210.337
207 206 -846.354
207 207 3582.03
207 208 -187.5
207 209 -171.875
207 210 -260.417
207 211 -208.333
207 212 -117.188
207 226 -812.5
207 227 -406.25
207 438 -24.0385
207 459 -372.396
207 464 964.844
207 469 -39.0625
208 190 -187.5
208 207 -187.5
208 208 1312.5
208 209 -750
208 213 -187.5
209 190 -125
209 191 -62.5
209 207 -171.875
209 208 -750
209 209 1312.5
209 214 -187.5
209 464 -15.625
210 191 -187.5
210 207 -260.417
210 210 1562.5
210 211 -250
210 215 -250
210 216 -125
210 228 -291.667
210 229 -83.3333
210 464 -114.583
211 207 -208.333
211 210 -250
211 211 1187.5
211 215 -31.25
211 216 -156.25
211 228 -83.3333
211 229 -291.667
211 464 -166.667
212 192 -257.812
212 193 -164.062
212 207 -117.188
212 212 1464.84
212 217 -46.875
212 230 -187.5
212 231 -140.625
212 464 -351.562
212 469 -199.219
213 194 -187.5
213 208 -187.5
213 213 1125
213 214 -750
214 195 -187.5
214 209 -187.5
214 213 -750
214 214 1125
215 210 -250
215 211 -31.25
215 215 1031.25
215 216 -468.75
215 218 -187.5
215 219 -93.75
216 210 -125
216 211 -156.25
216 215 -468.75
216 216 1031.25
216 219 -93.75
216 232 -187.5
217 212 -46.875
217 217 937.5
217 469 -140.625
217 472 -750
218 215 -187.5
218 218 937.5
218 219 -750
219 215 -93.75
219 216 -93.75
219 218 -750
219 219 937.5
220 198 -277.174
220 199 -260.87
220 200 -154.891
220 201 -146.739
220 202 -762.228
220 220 4466.68
220 221 -1532.61
220 239 -187.5
220 240 -619.565
220 241 -521.739
220 242 -97.8261
220 449 -346.467
220 477 -57.0652
220 478 -48.913
220 479 1598.53
220 480 -717.391
220 495 -89.6739
220 496 -65.2174
220 497 -57.0652
220 498 -95.1087
220 499 -27.1739
221 203 -1024.46
221 220 -1532.61
221 221 6486.29
221 222 -1532.61
221 243 -1500
221 450 -777.174
221 451 -258.152
221 452 -108.696
221 479 -717.391
221 480 2432.18
221 481 -717.391
221 500 -750
222 204 -1024.46
222 221 -1532.61
222 222 6486.29
222 223 -1532.61
222 244 -1500
222 453 -777.174
222 454 -258.152
222 455 -108.696
222 480 -717.391
222 481 2432.18
222 482 -717.391
222 501 -750
223 205 -1024.46
223 222 -1532.61
223 223 6420.72
223 224 -961.957
223 225 -750
223 245 -1065.22
223 456 -777.174
223 457 -258.152
223 458 -108.696
223 481 -717.391
223 482 2342.86
223 483 -313.859
223 484 -134.511
223 502 -891.304
223 503 -171.196
223 504 -57.0652
224 206 -812.5
224 223 -961.957
224 224 3545.45
224 225 954.545
224 226 -784.091
224 227 -340.909
224 246 -718.75
224 247 -406.25
224 459 -312.5
224 482 -163.043
225 206 -406.25
225 223 -750
225 224 954.545
225 225 3545.45
225 226 -340.909
225 227 -784.091
225 246 -312.5
225 247 -812.5
225 459 -718.75
225 482 -375
226 207 -812.5
226 224 -784.091
226 225 -340.909
226 226 2587.81
226 227 684.917
226 228 -250
226 229 -193.182
226 230 -51.1364
226 231 -34.0909
226 248 -221.591
226 249 -187.5
226 250 -51.1364
226 251 -34.0909
226 464 -312.5
227 207 -406.25
227 224 -340.909
227 225 -784.091
227 226 684.917
227 227 2604.86
227 228 -125
227 229 -181.818
227 230 -136.364
227 231 -153.409
227 248 -59.6591
227 249 -93.75
227 250 -136.364
227 251 -153.409
227 464 -718.75
228 210 -291.667
228 211 -83.3333
228 226 -250
228 227 -125
228 228 1375
228 229 -250
228 232 -62.5
228 252 -93.75
228 253 -218.75
229 210 -83.3333
229 211 -291.667
229 226 -193.182
229 227 -181.818
229 228 -250
229 229 1375
229 232 -125
229 233 -187.5
229 253 -62.5
230 212 -187.5
230 226 -51.1364
230 227 -136.364
230 230 1312.5
230 231 -750
230 234 -187.5
231 212 -140.625
231 226 -34.0909
231 227 -153.409
231 230 -750
231 231 1312.5
231 235 -187.5
231 469 -46.875
232 216 -187.5
232 228 -62.5
232 229 -125
232 232 1125
232 233 -750
233 229 -187.5
233 232 -750
233 233 937.5
234 230 -187.5
234 234 937.5
234 235 -750
235 231 -187.5
235 234 -750
235 235 937.5
236 236 1125
236 237 -750
236 240 -80.3571
236 241 -107.143
236 256 -187.5
237 236 -750
237 237 1125
237 240 -53.5714
237 241 -133.929
237 257 -187.5
238 238 656.25
238 239 -468.75
238 243 -93.75
238 258 -93.75
239 220 -187.5
239 238 -468.75
239 239 1218.75
239 243 -273.75
239 258 -267.857
239 500 -7.5
239 517 -13.3929
240 220 -619.565
240 236 -80.3571
240 237 -53.5714
240 240 2085.46
240 241 298.469
240 243 -600
240 258 -482.143
240 479 -130.435
240 500 -150
240 517 -267.857
241 220 -521.739
241 236 -107.143
241 237 -133.929
241 240 298.469
241 241 2192.6
241 243 -510
241 258 -321.429
241 479 -228.261
241 500 -240
241 517 -428.571
242 220 -97.8261
242 242 1312.5
242 243 -97.5
242 258 -26.7857
242 479 -89.6739
242 495 -750
242 500 -90
242 517 -160.714
243 221 -1500
243 238 -93.75
243 239 -273.75
243 240 -600
243 241 -510
243 242 -97.5
243 243 6534
243 244 -1657.5
243 259 -1657.5
243 480 -750
243 495 -90
243 496 -67.5
243 497 -60
243 498 -113.75
243 499 -43.75
243 500 2541
243 501 -780
243 520 -780
244 222 -1500
244 243 -1657.5
244 244 6808.2
244 245 -1220
244 260 -1657.5
244 481 -750
244 500 -780
244 501 2686.8
244 502 -880
244 503 -191.25
244 504 -78.75
244 521 -780
245 223 -1065.22
245 244 -1220
245 245 4241.67
245 246 -920.833
245 247 -541.667
245 261 -358.333
245 262 -316.667
245 263 -584.375
245 482 -247.283
245 501 -280
245 502 1408.33
245 505 -12.5
245 522 -103.125
246 224 -718.75
246 225 -312.5
246 245 -920.833
246 246 2734.38
246 247 796.875
246 248 -203.125
246 249 -171.875
246 250 -46.875
246 251 -31.25
246 264 -250
246 265 -218.75
246 266 -156.25
246 267 -125
246 268 -46.875
246 269 -31.25
246 502 -297.917
247 224 -406.25
247 225 -812.5
247 245 -541.667
247 246 796.875
247 247 2984.38
247 248 -78.125
247 249 -109.375
247 250 -140.625
247 251 -156.25
247 264 -31.25
247 265 -62.5
247 266 -125
247 267 -156.25
247 268 -140.625
247 269 -156.25
247 270 -187.5
247 502 -677.083
248 226 -221.591
248 227 -59.6591
248 246 -203.125
248 247 -78.125
248 248 1453.12
248 249 -421.875
248 252 -234.375
248 253 -46.875
248 272 -187.5
249 226 -187.5
249 227 -93.75
249 246 -171.875
249 247 -109.375
249 248 -421.875
249 249 1453.12
249 252 -46.875
249 253 -234.375
249 273 -187.5
250 226 -51.1364
250 227 -136.364
250 246 -46.875
250 247 -140.625
250 250 1125
250 251 -750
251 226 -34.0909
251 227 -153.409
251 246 -31.25
251 247 -156.25
251 250 -750
251 251 1125
252 228 -93.75
252 248 -234.375
252 249 -46.875
252 252 1265.62
252 253 -421.875
252 254 -234.375
252 255 -46.875
252 277 -187.5
253 228 -218.75
253 229 -62.5
253 248 -46.875
253 249 -234.375
253 252 -421.875
253 253 1265.62
253 254 -46.875
253 255 -234.375
254 252 -234.375
254 253 -46.875
254 254 796.875
254 255 -515.625
255 252 -46.875
255 253 -234.375
255 254 -515.625
255 255 796.875
256 236 -187.5
256 256 1125
256 257 -750
256 258 -93.75
256 517 -93.75
257 237 -187.5
257 256 -750
257 257 1125
257 258 -80.3571
257 517 -107.143
258 238 -93.75
258 239 -267.857
258 240 -482.143
258 241 -321.429
258 242 -26.7857
258 256 -93.75
258 257 -80.3571
258 258 3111.93
258 259 -1162.5
258 279 -187.5
258 280 -174.107
258 281 -589.286
258 495 -13.3929
258 517 919.324
258 520 -243.75
258 534 -294.643
259 243 -1657.5
259 258 -1162.5
259 259 6990
259 260 -1657.5
259 282 -1657.5
259 500 -780
259 517 -862.5
259 518 -225
259 519 -112.5
259 520 2685
259 521 -780
259 537 -780
260 244 -1657.5
260 259 -1657.5
260 260 6887.7
260 261 -365
260 262 -340
260 263 -1076.25
260 283 -1657.5
260 501 -780
260 520 -780
260 521 2704.8
260 522 -498.75
260 538 -780
261 245 -358.333
261 260 -365
261 261 1479.17
261 262 -166.667
261 264 -156.25
261 265 -31.25
261 284 -365
261 502 -16.6667
261 521 -10
261 539 -10
262 245 -316.667
262 260 -340
262 261 -166.667
262 262 1666.67
262 264 -125
262 265 -250
262 284 -340
262 502 -58.3333
262 521 -35
262 539 -35
263 245 -584.375
263 260 -1076.25
263 263 5444.53
263 266 -276.562
263 267 -257.812
263 268 -150
263 269 -140.625
263 270 -328.125
263 284 -1076.25
263 502 -962.5
263 503 -239.062
263 504 -98.4375
263 521 -892.5
263 522 1802.34
263 523 -262.5
263 524 -9.375
263 539 -892.5
264 246 -250
264 247 -31.25
264 261 -156.25
264 262 -125
264 264 1500
264 265 -375
264 271 -234.375
264 272 -46.875
264 285 -239.583
264 286 -41.6667
265 246 -218.75
265 247 -62.5
265 261 -31.25
265 262 -250
265 264 -375
265 265 1500
265 271 -46.875
265 272 -234.375
265 285 -197.917
265 286 -83.3333
266 246 -156.25
266 247 -125
266 263 -276.562
266 266 1500
266 267 -375
266 273 -187.5
266 274 -93.75
266 285 -114.583
266 286 -166.667
266 522 -4.6875
267 246 -125
267 247 -156.25
267 263 -257.812
267 266 -375
267 267 1312.5
267 274 -93.75
267 285 -72.9167
267 286 -208.333
267 522 -23.4375
268 246 -46.875
268 247 -140.625
268 263 -150
268 268 1312.5
268 269 -750
268 286 -187.5
268 522 -37.5
269 246 -31.25
269 247 -156.25
269 263 -140.625
269 268 -750
269 269 1125
269 522 -46.875
270 247 -187.5
270 263 -328.125
270 270 1785
270 275 -412.5
270 505 -112.5
270 506 -75
270 522 -234.375
270 523 90
270 526 -150
270 540 -343.75
270 541 -31.25
271 264 -234.375
271 265 -46.875
271 271 1078.12
271 272 -421.875
271 276 -234.375
271 277 -46.875
271 287 -93.75
272 248 -187.5
272 264 -46.875
272 265 -234.375
272 271 -421.875
272 272 1453.12
272 276 -46.875
272 277 -234.375
272 287 -218.75
272 288 -62.5
273 249 -187.5
273 266 -187.5
273 273 1312.5
273 274 -750
273 288 -187.5
274 266 -93.75
274 267 -93.75
274 273 -750
274 274 937.5
275 270 -412.5
275 275 1425
275 278 -187.5
275 523 -150
275 526 -75
275 529 -150
275 530 -93.75
275 531 -18.75
275 542 -206.25
275 543 -131.25
276 271 -234.375
276 272 -46.875
276 276 843.75
276 277 -468.75
276 291 -93.75
277 252 -187.5
277 271 -46.875
277 272 -234.375
277 276 -468.75
277 277 1218.75
277 291 -218.75
277 292 -62.5
278 275 -187.5
278 278 937.5
278 529 -750
279 258 -187.5
279 279 1312.5
279 280 -750
279 282 -187.5
279 550 -187.5
280 258 -174.107
280 279 -750
280 280 1312.5
280 282 -180
280 517 -13.3929
280 537 -7.5
280 551 -187.5
281 258 -589.286
281 281 2570.62
281 282 -783.75
281 517 -441.964
281 534 485.625
281 537 -247.5
281 552 -600
281 553 -375
281 554 -18.75
282 259 -1657.5
282 279 -187.5
282 280 -180
282 281 -783.75
282 282 6825
282 283 -1657.5
282 520 -780
282 534 -618.75
282 535 -275
282 536 -137.5
282 537 2670
282 538 -780
282 555 -1657.5
282 774 -780
283 260 -1657.5
283 282 -1657.5
283 283 7020
283 284 -1657.5
283 521 -780
283 537 -780
283 538 2730
283 539 -780
283 556 -1657.5
283 775 -780
284 261 -365
284 262 -340
284 263 -1076.25
284 283 -1657.5
284 284 6710.7
284 285 -837.5
284 286 -700
284 522 -498.75
284 538 -780
284 539 2566.8
284 540 -406.25
284 541 -178.75
284 557 -1657.5
284 776 -780
285 264 -239.583
285 265 -197.917
285 266 -114.583
285 267 -72.9167
285 284 -837.5
285 285 2414.35
285 286 523.148
285 287 -263.889
285 288 -194.444
285 289 -52.0833
285 290 -10.4167
285 539 -100
285 558 -416.667
285 559 -312.5
285 560 -111.111
285 561 -13.8889
286 264 -41.6667
286 265 -83.3333
286 266 -166.667
286 267 -208.333
286 268 -187.5
286 284 -700
286 285 523.148
286 286 2726.85
286 287 -111.111
286 288 -180.556
286 289 -229.167
286 290 -270.833
286 539 -237.5
286 558 -52.0833
286 559 -156.25
286 560 -451.389
286 561 -173.611
287 271 -93.75
287 272 -218.75
287 285 -263.889
287 286 -111.111
287 287 1354.17
287 288 -291.667
287 291 -291.667
287 292 -83.3333
288 272 -62.5
288 273 -187.5
288 285 -194.444
288 286 -180.556
288 287 -291.667
288 288 1291.67
288 291 -83.3333
288 292 -291.667
289 285 -52.0833
289 286 -229.167
289 289 1265.62
289 290 -421.875
289 293 -234.375
289 294 -46.875
289 562 -218.75
289 563 -62.5
290 285 -10.4167
290 286 -270.833
290 289 -421.875
290 290 1265.62
290 293 -46.875
290 294 -234.375
290 562 -156.25
290 563 -125
291 276 -93.75
291 277 -218.75
291 287 -291.667
291 288 -83.3333
291 291 1333.33
291 292 -333.333
291 295 -187.5
291 296 -125
292 277 -62.5
292 287 -83.3333
292 288 -291.667
292 291 -333.333
292 292 833.333
292 296 -62.5
293 289 -234.375
293 290 -46.875
293 293 1031.25
293 294 -468.75
293 564 -156.25
293 565 -125
294 289 -46.875
294 290 -234.375
294 293 -468.75
294 294 1031.25
294 564 -31.25
294 565 -250
295 291 -187.5
295 295 1125
295 296 -750
295 297 -187.5
296 291 -125
296 292 -62.5
296 295 -750
296 296 1125
296 298 -187.5
297 295 -187.5
297 297 937.5
297 298 -750
298 296 -187.5
298 297 -750
298 298 937.5
299 299 750
299 300 -750
300 299 -750
300 300 750
301 54 -93.75
301 63 -83.3333
301 301 1031.25
301 302 -468.75
301 303 -187.5
301 310 -197.917
302 54 -18.75
302 63 -41.6667
302 301 -468.75
302 302 1031.25
302 303 -262.5
302 310 -239.583
303 53 -37.5
303 54 -45
303 55 -150
303 64 -221.591
303 301 -187.5
303 302 -262.5
303 303 1657.5
303 304 -412.5
303 311 -340.909
304 54 -150
304 56 -150
304 65 -221.591
304 303 -412.5
304 304 1687.5
304 305 -412.5
304 312 -340.909
305 55 -150
305 56 -45
305 57 -18.75
305 58 -93.75
305 66 -221.591
305 304 -412.5
305 305 1620
305 306 -150
305 307 -187.5
305 313 -340.909
306 56 -37.5
306 305 -150
306 306 1125
306 307 -750
306 308 -187.5
307 305 -187.5
307 306 -750
307 307 1312.5
307 309 -187.5
307 315 -187.5
308 306 -187.5
308 308 937.5
308 309 -750
309 307 -187.5
309 308 -750
309 309 1125
309 318 -187.5
310 52 -62.5
310 53 -83.3333
310 63 319.444
310 64 -397.727
310 74 -442.708
310 301 -197.917
310 302 -239.583
310 310 2138.89
310 311 -539.773
310 327 -494.792
311 54 -221.591
311 63 -227.273
311 64 852.273
311 65 -340.909
311 75 -375
311 303 -340.909
311 310 -539.773
311 311 2727.27
311 312 -784.091
311 328 -750
312 55 -221.591
312 64 -340.909
312 65 867.769
312 66 -340.909
312 76 -375
312 304 -340.909
312 311 -784.091
312 312 3069.73
312 313 -784.091
312 329 -750
313 56 -221.591
313 65 -340.909
313 66 700.413
313 67 -99.4318
313 78 -17.0455
313 79 -477.273
313 305 -340.909
313 312 -784.091
313 313 2606.4
313 314 -258.523
313 315 -136.364
313 316 -153.409
313 330 -477.273
314 57 -156.25
314 58 -218.75
314 66 -397.727
314 67 93.75
314 68 -182.292
314 81 -31.25
314 82 -316.964
314 313 -258.523
314 314 1968.75
314 317 -473.958
314 331 -26.7857
315 66 -51.1364
315 82 -107.143
315 307 -187.5
315 313 -136.364
315 315 1500
315 316 -750
315 318 -187.5
315 331 -80.3571
316 66 -34.0909
316 82 -80.3571
316 313 -153.409
316 315 -750
316 316 1312.5
316 319 -187.5
316 331 -107.143
317 59 -125
317 60 -156.25
317 67 -182.292
317 68 46.875
317 69 -182.292
317 84 -31.25
317 85 -250
317 314 -473.958
317 317 1921.88
317 320 -473.958
317 332 -93.75
318 309 -187.5
318 315 -187.5
318 318 1312.5
318 319 -750
318 321 -187.5
319 316 -187.5
319 318 -750
319 319 1125
319 322 -187.5
320 61 -125
320 62 -156.25
320 68 -182.292
320 69 -20.8333
320 71 -31.25
320 72 -93.75
320 73 -125
320 87 -31.25
320 88 -250
320 317 -473.958
320 320 1583.33
320 335 -93.75
321 318 -187.5
321 321 1125
321 322 -750
321 323 -187.5
322 319 -187.5
322 321 -750
322 322 1125
322 324 -187.5
323 321 -187.5
323 323 1125
323 324 -750
323 325 -187.5
324 322 -187.5
324 323 -750
324 324 1125
324 326 -187.5
325 323 -187.5
325 325 937.5
325 326 -750
326 324 -187.5
326 325 -750
326 326 937.5
327 63 -208.333
327 74 597.656
327 75 -343.75
327 93 -39.0625
327 94 -195.312
327 310 -494.792
327 327 2292.97
327 328 -875
327 344 -171.875
327 345 -203.125
327 346 -296.875
327 347 -62.5
328 64 -375
328 74 -437.5
328 75 1211.54
328 76 -403.846
328 95 -463.235
328 311 -750
328 327 -875
328 328 3850.96
328 329 -908.654
328 348 -849.265
329 65 -375
329 75 -403.846
329 76 1093.93
329 77 -7.21154
329 78 -36.0577
329 79 -461.538
329 96 -463.235
329 312 -750
329 328 -908.654
329 329 3795.49
329 330 -634.615
329 349 -849.265
330 66 -85.2273
330 76 -115.385
330 79 428.571
330 82 -214.286
330 97 -200
330 313 -477.273
330 329 -634.615
330 330 2383.93
330 331 -535.714
330 350 -550
331 79 -214.286
331 82 191.327
331 85 -13.3929
331 98 -11.9048
331 314 -26.7857
331 315 -80.3571
331 316 -107.143
331 330 -535.714
331 331 1978.32
331 332 -66.9643
331 333 -214.286
331 334 -267.857
331 351 -148.81
331 352 -348.214
331 353 -133.929
332 82 -214.286
332 85 -375
332 88 -46.875
332 101 -75
332 317 -93.75
332 331 -66.9643
332 332 1312.5
332 335 -234.375
332 354 -206.25
333 82 -66.9643
333 331 -214.286
333 333 1265.62
333 334 -421.875
333 336 -187.5
333 337 -93.75
333 355 -257.812
333 356 -23.4375
334 82 -13.3929
334 331 -267.857
334 333 -421.875
334 334 1078.12
334 337 -93.75
334 355 -164.062
334 356 -117.188
335 85 -46.875
335 88 -375
335 320 -93.75
335 332 -234.375
335 335 1312.5
335 338 -93.75
335 339 -187.5
335 357 -187.5
335 358 -93.75
336 333 -187.5
336 336 1312.5
336 337 -750
336 340 -187.5
336 359 -187.5
337 333 -93.75
337 334 -93.75
337 336 -750
337 337 1312.5
337 341 -187.5
337 360 -187.5
338 88 -93.75
338 335 -93.75
338 338 1125
338 339 -750
338 363 -187.5
339 335 -187.5
339 338 -750
339 339 1125
339 364 -187.5
340 336 -187.5
340 340 937.5
340 341 -750
341 337 -187.5
341 340 -750
341 341 937.5
342 342 937.5
342 343 -750
342 346 -187.5
343 342 -750
343 343 937.5
343 346 -125
343 347 -62.5
344 74 -109.375
344 95 -110.294
344 327 -171.875
344 344 1265.62
344 345 -421.875
344 348 -170.956
344 367 -267.857
344 368 -13.3929
345 74 -78.125
345 95 -88.2353
345 327 -203.125
345 344 -421.875
345 345 1265.62
345 348 -193.015
345 367 -214.286
345 368 -66.9643
346 74 -15.625
346 95 -51.4706
346 327 -296.875
346 342 -187.5
346 343 -125
346 346 1625
346 347 -250
346 348 -323.529
346 367 -125
346 368 -250
347 95 -14.7059
347 327 -62.5
347 343 -62.5
347 346 -250
347 347 1125
347 348 -360.294
347 367 -35.7143
347 368 -339.286
348 75 -463.235
348 93 -115.809
348 94 -281.25
348 95 1592.13
348 96 -529.412
348 116 -3.67647
348 117 -29.4118
348 118 -689.338
348 328 -849.265
348 344 -170.956
348 345 -193.015
348 346 -323.529
348 347 -360.294
348 348 4507.14
348 349 -1158.09
348 369 -931.985
349 76 -463.235
349 95 -529.412
349 96 1662.2
349 97 -588.235
349 119 -3.67647
349 120 -29.4118
349 121 -689.338
349 329 -849.265
349 348 -1158.09
349 349 4668.69
349 350 -1088.24
349 370 -931.985
350 77 -6.25
350 78 -31.25
350 79 -400
350 96 -411.765
350 97 1293.33
350 98 -166.667
350 124 -593.75
350 330 -550
350 349 -1088.24
350 350 4056.67
350 351 -395.833
350 352 -375
350 353 -437.5
350 371 -893.75
351 80 -10.4167
351 81 -52.0833
351 82 -476.19
351 97 -541.667
351 98 467.593
351 99 -10.4167
351 100 -52.0833
351 101 -333.333
351 127 -518.519
351 331 -148.81
351 350 -395.833
351 351 2907.41
351 354 -479.167
351 372 -356.481
352 82 -73.6607
352 97 -93.75
352 127 -20.8333
352 331 -348.214
352 350 -375
352 352 1816.41
352 353 -82.0312
352 355 -351.562
352 356 -117.188
352 372 -307.292
352 373 -46.875
353 82 -6.69643
353 97 -31.25
353 331 -133.929
353 350 -437.5
353 352 -82.0312
353 353 1535.16
353 355 -117.188
353 356 -351.562
353 372 -46.875
353 373 -234.375
353 374 -93.75
354 85 -131.25
354 98 -83.3333
354 101 75
354 105 -37.5
354 130 -270.833
354 332 -206.25
354 351 -479.167
354 354 1875
354 357 -187.5
354 358 -262.5
354 375 -291.667
355 130 -20.8333
355 333 -257.812
355 334 -164.062
355 352 -351.562
355 353 -117.188
355 355 1769.53
355 356 -128.906
355 359 -187.5
355 360 -140.625
355 361 -46.875
355 375 -307.292
355 376 -46.875
356 333 -23.4375
356 334 -117.188
356 352 -117.188
356 353 -351.562
356 355 -128.906
356 356 1488.28
356 360 -46.875
356 361 -140.625
356 362 -187.5
356 375 -46.875
356 376 -234.375
356 377 -93.75
357 88 -93.75
357 101 -93.75
357 131 -128.906
357 335 -187.5
357 354 -187.5
357 357 1500
357 358 -375
357 363 -187.5
357 364 -93.75
357 378 -152.344
358 101 -18.75
358 131 -82.0312
358 335 -93.75
358 354 -262.5
358 357 -375
358 358 1125
358 364 -93.75
358 378 -199.219
359 336 -187.5
359 355 -187.5
359 359 1312.5
359 360 -750
359 378 -187.5
360 337 -187.5
360 355 -140.625
360 356 -46.875
360 359 -750
360 360 1125
361 355 -46.875
361 356 -140.625
361 361 1125
361 362 -750
361 365 -187.5
362 356 -187.5
362 361 -750
362 362 1312.5
362 366 -187.5
362 379 -187.5
363 132 -93.75
363 338 -187.5
363 357 -187.5
363 363 1312.5
363 364 -750
363 381 -93.75
364 132 -70.3125
364 339 -187.5
364 357 -93.75
364 358 -93.75
364 363 -750
364 364 1312.5
364 381 -117.188
365 361 -187.5
365 365 937.5
365 366 -750
366 362 -187.5
366 365 -750
366 366 937.5
367 118 -321.429
367 137 -416.667
367 344 -267.857
367 345 -214.286
367 346 -125
367 347 -35.7143
367 367 1974.49
367 368 168.367
367 369 -428.571
367 386 -333.333
368 118 -160.714
368 137 -166.667
368 344 -13.3929
368 345 -66.9643
368 346 -250
368 347 -339.286
368 367 168.367
368 368 2001.28
368 369 -589.286
368 386 -583.333
369 95 -286.765
369 113 -13.3929
369 114 -40.1786
369 115 -53.5714
369 118 1273.28
369 121 -435.268
369 138 -358.456
369 348 -931.985
369 367 -428.571
369 368 -589.286
369 369 3882.97
369 370 -970.982
369 387 -1047.79
370 96 -286.765
370 118 -435.268
370 121 1339.29
370 124 -435.268
370 139 -358.456
370 349 -931.985
370 369 -970.982
370 370 4098.21
370 371 -970.982
370 388 -1047.79
371 97 -325
371 121 -435.268
371 124 1307.72
371 127 -245.536
371 140 -358.456
371 350 -893.75
371 370 -970.982
371 371 3982.46
371 372 -491.071
371 373 -247.768
371 374 -274.554
371 389 -1047.79
372 98 -81.0185
372 124 -446.429
372 127 662.037
372 130 -277.778
372 141 -245.536
372 351 -356.481
372 352 -307.292
372 353 -46.875
372 371 -491.071
372 372 2942.13
372 375 -659.722
372 390 -691.964
373 124 -33.4821
373 352 -46.875
373 353 -234.375
373 371 -247.768
373 373 1312.5
373 374 -375
373 376 -234.375
373 377 -46.875
373 391 -93.75
374 124 -6.69643
374 353 -93.75
374 371 -274.554
374 373 -375
374 374 1312.5
374 376 -46.875
374 377 -234.375
374 391 -93.75
374 392 -187.5
375 101 -145.833
375 127 -277.778
375 130 569.444
375 131 -218.75
375 354 -291.667
375 355 -307.292
375 356 -46.875
375 372 -659.722
375 375 2534.72
375 378 -531.25
375 393 -260.417
375 394 -364.583
376 355 -46.875
376 356 -234.375
376 373 -234.375
376 374 -46.875
376 376 1125
376 377 -375
376 379 -93.75
376 395 -93.75
377 356 -93.75
377 373 -46.875
377 374 -234.375
377 376 -375
377 377 1312.5
377 379 -93.75
377 380 -187.5
377 395 -93.75
377 396 -187.5
378 104 -23.4375
378 105 -46.875
378 130 -312.5
378 131 398.438
378 132 -246.094
378 357 -152.344
378 358 -199.219
378 359 -187.5
378 375 -531.25
378 378 2601.56
378 381 -597.656
378 397 -292.969
378 398 -410.156
379 362 -187.5
379 376 -93.75
379 377 -93.75
379 379 1125
379 380 -750
380 377 -187.5
380 379 -750
380 380 937.5
381 131 -246.094
381 132 26.3672
381 363 -93.75
381 364 -117.188
381 378 -597.656
381 381 1590.82
381 382 -93.75
381 383 -117.188
381 384 -164.062
381 385 -187.5
382 132 -93.75
382 381 -93.75
382 382 937.5
382 383 -750
383 132 -70.3125
383 381 -117.188
383 382 -750
383 383 937.5
384 132 -23.4375
384 381 -164.062
384 384 937.5
384 385 -750
385 381 -187.5
385 384 -750
385 385 937.5
386 137 365.741
386 138 -202.206
386 148 -91.1458
386 367 -333.333
386 368 -583.333
386 386 2280.09
386 387 -735.294
386 401 -346.354
386 402 -291.667
386 403 -62.5
387 117 -11.0294
387 118 -606.618
387 135 -22.0588
387 136 -44.1176
387 137 -533.088
387 138 1585.64
387 139 -529.412
387 149 -508.929
387 369 -1047.79
387 386 -735.294
387 387 4789.36
387 388 -1158.09
387 404 -1178.57
388 120 -11.0294
388 121 -606.618
388 138 -529.412
388 139 1701.12
388 140 -529.412
388 150 -508.929
388 370 -1047.79
388 387 -1158.09
388 388 5026.82
388 389 -1158.09
388 405 -1178.57
389 123 -11.0294
389 124 -606.618
389 139 -529.412
389 140 1638.84
389 141 -358.456
389 151 -139.989
389 371 -1047.79
389 388 -1158.09
389 389 4802.34
389 390 -799.632
389 391 -176.471
389 392 -187.5
389 406 -466.629
389 407 -527.574
389 408 -431.985
390 126 -13.3929
390 127 -446.429
390 140 -606.618
390 141 1003.51
390 142 -6.69643
390 143 -33.4821
390 152 -2.67857
390 153 -37.5
390 154 -265.625
390 372 -691.964
390 389 -799.632
390 390 3483.1
390 393 -301.339
390 394 -368.304
390 409 -390.625
390 410 -430.804
390 411 -91.5179
391 140 -11.0294
391 373 -93.75
391 374 -93.75
391 389 -176.471
391 391 1500
391 392 -750
391 395 -187.5
391 410 -62.5
391 411 -125
392 374 -187.5
392 389 -187.5
392 391 -750
392 392 1500
392 396 -187.5
392 410 -31.25
392 411 -156.25
393 130 -208.333
393 141 -167.411
393 375 -260.417
393 390 -301.339
393 393 1675.78
393 394 -35.1562
393 397 -351.562
393 398 -117.188
393 412 -140.625
393 413 -93.75
394 130 -104.167
394 141 -100.446
394 375 -364.583
394 390 -368.304
394 393 -35.1562
394 394 1769.53
394 397 -117.188
394 398 -351.562
394 412 -46.875
394 413 -93.75
394 414 -187.5
395 376 -93.75
395 377 -93.75
395 391 -187.5
395 395 1312.5
395 396 -750
395 414 -62.5
395 415 -125
396 377 -187.5
396 392 -187.5
396 395 -750
396 396 1312.5
396 414 -31.25
396 415 -156.25
397 131 -175.781
397 378 -292.969
397 393 -351.562
397 394 -117.188
397 397 1324.22
397 398 -152.344
397 416 -140.625
397 417 -93.75
398 131 -58.5938
398 378 -410.156
398 393 -117.188
398 394 -351.562
398 397 -152.344
398 398 1417.97
398 416 -46.875
398 417 -93.75
398 418 -187.5
399 399 937.5
399 400 -750
399 402 -125
399 403 -62.5
400 399 -750
400 400 937.5
400 402 -62.5
400 403 -125
401 137 -473.958
401 148 251.953
401 149 -294.643
401 179 -23.4375
401 180 -46.875
401 386 -346.354
401 401 2185.55
401 404 -549.107
401 428 -375
401 429 -328.125
402 137 -20.8333
402 149 -41.6667
402 386 -291.667
402 399 -125
402 400 -62.5
402 402 1270.83
402 403 -208.333
402 404 -333.333
402 430 -166.667
402 431 -20.8333
403 149 -11.9048
403 386 -62.5
403 399 -62.5
403 400 -125
403 402 -208.333
403 403 1208.33
403 404 -363.095
403 430 -208.333
403 431 -166.667
404 138 -669.643
404 146 -52.0833
404 147 -135.417
404 148 -415.179
404 149 2130.95
404 150 -654.762
404 181 -687.5
404 387 -1178.57
404 401 -549.107
404 402 -333.333
404 403 -363.095
404 404 5690.48
404 405 -1407.74
404 432 -1375
405 139 -669.643
405 149 -654.762
405 150 2159.86
405 151 -250
405 182 -687.5
405 388 -1178.57
405 404 -1407.74
405 405 5750.85
405 406 -562.5
405 407 -520.833
405 408 -604.167
405 433 -1375
406 140 -802.602
406 150 -750
406 151 1127.22
406 152 -57.6923
406 153 -158.654
406 154 -437.5
406 183 -741.848
406 389 -466.629
406 405 -562.5
406 406 3992.97
406 409 -572.115
406 434 -570.652
407 140 -128.676
407 150 -135.417
407 183 -152.174
407 389 -527.574
407 405 -520.833
407 407 2333.33
407 408 291.667
407 410 -473.958
407 411 -182.292
407 434 -504.076
408 140 -36.7647
408 150 -52.0833
408 183 -76.087
408 389 -431.985
408 405 -604.167
408 407 291.667
408 408 2145.83
408 410 -182.292
408 411 -473.958
408 434 -580.163
409 141 -265.625
409 151 -84.1346
409 154 161.458
409 160 -31.25
409 186 -387.019
409 390 -390.625
409 406 -572.115
409 409 2182.29
409 412 -156.25
409 413 -187.5
409 435 -269.231
410 141 -37.9464
410 186 -120.192
410 390 -430.804
410 391 -62.5
410 392 -31.25
410 407 -473.958
410 408 -182.292
410 410 2281.25
410 411 218.75
410 414 -473.958
410 415 -182.292
410 435 -504.808
411 141 -2.23214
411 186 -24.0385
411 390 -91.5179
411 391 -125
411 392 -156.25
411 407 -182.292
411 408 -473.958
411 410 218.75
411 411 1968.75
411 414 -182.292
411 415 -473.958
411 435 -288.462
411 436 -187.5
412 154 -31.25
412 189 -100.962
412 393 -140.625
412 394 -46.875
412 409 -156.25
412 412 1500
412 413 -750
412 416 -187.5
412 438 -86.5385
413 189 -86.5385
413 393 -93.75
413 394 -93.75
413 409 -187.5
413 412 -750
413 413 1500
413 417 -187.5
413 438 -100.962
414 189 -120.192
414 394 -187.5
414 395 -62.5
414 396 -31.25
414 410 -473.958
414 411 -182.292
414 414 2020.83
414 415 104.167
414 418 -265.625
414 419 -203.125
414 420 -78.125
414 421 -15.625
414 438 -504.808
415 189 -24.0385
415 395 -125
415 396 -156.25
415 410 -182.292
415 411 -473.958
415 414 104.167
415 415 1895.83
415 418 -15.625
415 419 -78.125
415 420 -203.125
415 421 -265.625
415 438 -288.462
415 439 -187.5
416 397 -140.625
416 398 -46.875
416 412 -187.5
416 416 1312.5
416 417 -750
416 441 -93.75
416 442 -93.75
417 397 -93.75
417 398 -93.75
417 413 -187.5
417 416 -750
417 417 1312.5
417 442 -187.5
418 398 -187.5
418 414 -265.625
418 415 -15.625
418 418 1265.62
418 419 -421.875
418 422 -187.5
418 423 -93.75
418 443 -93.75
419 414 -203.125
419 415 -78.125
419 418 -421.875
419 419 1078.12
419 423 -93.75
419 443 -187.5
419 444 -93.75
420 414 -78.125
420 415 -203.125
420 420 843.75
420 421 -468.75
420 424 -93.75
421 414 -15.625
421 415 -265.625
421 420 -468.75
421 421 1031.25
421 424 -93.75
421 425 -187.5
422 418 -187.5
422 422 937.5
422 423 -750
423 418 -93.75
423 419 -93.75
423 422 -750
423 423 1125
423 445 -187.5
424 420 -93.75
424 421 -93.75
424 424 937.5
424 425 -750
425 421 -187.5
425 424 -750
425 425 937.5
426 426 937.5
426 427 -750
426 428 -75
426 429 -112.5
427 426 -750
427 427 937.5
427 428 -37.5
427 429 -150
428 148 -187.5
428 181 -211.957
428 202 -304.688
428 401 -375
428 426 -75
428 427 -37.5
428 428 1725
428 429 75
428 432 -350.543
428 449 -257.812
429 148 -46.875
429 181 -154.891
429 202 -222.656
429 401 -328.125
429 426 -112.5
429 427 -150
429 428 75
429 429 1687.5
429 432 -407.609
429 449 -339.844
430 181 -38.0435
430 202 -54.6875
430 402 -166.667
430 403 -208.333
430 430 1375
430 431 -250
430 432 -336.957
430 449 -320.312
431 181 -10.8696
431 202 -15.625
431 402 -20.8333
431 403 -166.667
431 430 -250
431 431 1187.5
431 432 -364.13
431 449 -359.375
432 149 -687.5
432 176 -8.15217
432 177 -105.978
432 178 -163.043
432 179 -81.5217
432 180 -89.6739
432 181 2298.91
432 182 -717.391
432 203 -194.293
432 404 -1375
432 428 -350.543
432 429 -407.609
432 430 -336.957
432 431 -364.13
432 432 6065.22
432 433 -1532.61
432 450 -441.576
432 451 -679.348
432 452 -828.804
433 150 -687.5
433 181 -717.391
433 182 2432.18
433 183 -717.391
433 204 -194.293
433 405 -1375
433 432 -1532.61
433 433 6274.34
433 434 -1532.61
433 453 -441.576
433 454 -679.348
433 455 -828.804
434 151 -285.326
434 182 -717.391
434 183 2338.61
434 184 -32.6087
434 185 -89.6739
434 186 -627.717
434 205 -194.293
434 406 -570.652
434 407 -504.076
434 408 -580.163
434 433 -1532.61
434 434 6025.52
434 435 -913.043
434 436 -179.348
434 437 -187.5
434 456 -441.576
434 457 -679.348
434 458 -828.804
435 154 -134.615
435 183 -399.457
435 186 1107.25
435 189 -403.846
435 206 -24.0385
435 409 -269.231
435 410 -504.808
435 411 -288.462
435 434 -913.043
435 435 3580.25
435 438 -908.654
435 459 -192.308
435 460 -288.462
435 461 -360.577
436 183 -8.15217
436 411 -187.5
436 434 -179.348
436 436 1500
436 437 -750
436 439 -187.5
436 462 -187.5
437 434 -187.5
437 436 -750
437 437 1312.5
437 440 -187.5
437 463 -187.5
438 159 -14.4231
438 160 -28.8462
438 186 -403.846
438 189 774.408
438 192 -28.8462
438 193 -57.6923
438 207 -24.0385
438 412 -86.5385
438 413 -100.962
438 414 -504.808
438 415 -288.462
438 435 -908.654
438 438 3033.28
438 441 -115.385
438 442 -144.231
438 443 -223.558
438 444 -252.404
438 464 -192.308
438 465 -201.923
438 466 -230.769
439 415 -187.5
439 436 -187.5
439 439 1312.5
439 440 -750
439 467 -187.5
440 437 -187.5
440 439 -750
440 440 1125
440 468 -187.5
441 189 -165.865
441 416 -93.75
441 438 -115.385
441 441 1031.25
441 442 -468.75
441 469 -187.5
442 189 -137.019
442 416 -93.75
442 417 -187.5
442 438 -144.231
442 441 -468.75
442 442 1031.25
443 189 -57.6923
443 418 -93.75
443 419 -187.5
443 438 -223.558
443 443 1265.62
443 444 -421.875
443 445 -234.375
443 446 -46.875
444 189 -28.8462
444 419 -93.75
444 438 -252.404
444 443 -421.875
444 444 1078.12
444 445 -46.875
444 446 -234.375
445 423 -187.5
445 443 -234.375
445 444 -46.875
445 445 1031.25
445 446 -468.75
445 447 -93.75
446 443 -46.875
446 444 -234.375
446 445 -468.75
446 446 1031.25
446 447 -93.75
446 448 -187.5
447 445 -93.75
447 446 -93.75
447 447 937.5
447 448 -750
448 446 -187.5
448 447 -750
448 448 937.5
449 178 -11.7188
449 179 -35.1562
449 180 -46.875
449 202 955.811
449 203 -19.5312
449 220 -346.467
449 428 -257.812
449 429 -339.844
449 430 -320.312
449 431 -359.375
449 449 3532.47
449 450 -156.25
449 451 -566.406
449 452 -781.25
449 479 -1247.28
450 181 -777.174
450 198 -7.8125
450 199 -39.0625
450 200 -62.5
450 201 -78.125
450 202 -734.375
450 203 1001.3
450 204 -372.396
450 221 -777.174
450 432 -441.576
450 449 -156.25
450 450 3733.07
450 453 -846.354
450 480 -441.576
451 181 -258.152
451 202 -371.094
451 221 -258.152
451 432 -679.348
451 449 -566.406
451 451 3055.56
451 452 694.444
451 454 -659.722
451 455 -277.778
451 480 -679.348
452 181 -108.696
452 202 -156.25
452 221 -108.696
452 432 -828.804
452 449 -781.25
452 451 694.444
452 452 3055.56
452 454 -277.778
452 455 -659.722
452 480 -828.804
453 182 -777.174
453 203 -372.396
453 204 1083.33
453 205 -372.396
453 222 -777.174
453 433 -441.576
453 450 -846.354
453 453 3791.67
453 456 -846.354
453 481 -441.576
454 182 -258.152
454 222 -258.152
454 433 -679.348
454 451 -659.722
454 452 -277.778
454 454 3055.56
454 455 694.444
454 457 -659.722
454 458 -277.778
454 481 -679.348
455 182 -108.696
455 222 -108.696
455 433 -828.804
455 451 -277.778
455 452 -659.722
455 454 694.444
455 455 3055.56
455 457 -277.778
455 458 -659.722
455 481 -828.804
456 183 -777.174
456 204 -372.396
456 205 1083.33
456 206 -372.396
456 223 -777.174
456 434 -441.576
456 453 -846.354
456 456 3791.67
456 459 -846.354
456 482 -441.576
457 183 -258.152
457 223 -258.152
457 434 -679.348
457 454 -659.722
457 455 -277.778
457 457 2988.43
457 458 574.074
457 460 -416.667
457 461 -312.5
457 462 -20.8333
457 482 -679.348
458 183 -108.696
458 223 -108.696
458 434 -828.804
458 454 -277.778
458 455 -659.722
458 457 574.074
458 458 2800.93
458 460 -52.0833
458 461 -156.25
458 462 -166.667
458 463 -187.5
458 482 -828.804
459 184 -62.5
459 185 -171.875
459 186 -698.317
459 205 -372.396
459 206 1036.46
459 207 -372.396
459 224 -312.5
459 225 -718.75
459 435 -192.308
459 456 -846.354
459 459 3557.29
459 464 -846.354
460 186 -180.288
460 435 -288.462
460 457 -416.667
460 458 -52.0833
460 460 1582.03
460 461 -35.1562
460 465 -117.188
460 466 -23.4375
460 483 -375
460 484 -93.75
461 186 -108.173
461 435 -360.577
461 457 -312.5
461 458 -156.25
461 460 -35.1562
461 461 1863.28
461 465 -164.062
461 466 -257.812
461 483 -281.25
461 484 -187.5
462 436 -187.5
462 457 -20.8333
462 458 -166.667
462 462 1500
462 463 -750
462 467 -187.5
462 483 -18.75
462 484 -168.75
463 437 -187.5
463 458 -187.5
463 462 -750
463 463 1500
463 468 -187.5
463 484 -187.5
464 187 -62.5
464 188 -171.875
464 189 -698.317
464 206 -372.396
464 207 964.844
464 209 -15.625
464 210 -114.583
464 211 -166.667
464 212 -351.562
464 226 -312.5
464 227 -718.75
464 438 -192.308
464 459 -846.354
464 464 3488.28
464 469 -429.688
465 189 -79.3269
465 438 -201.923
465 460 -117.188
465 461 -164.062
465 465 1265.62
465 466 -421.875
465 485 -164.062
465 486 -117.188
466 189 -50.4808
466 438 -230.769
466 460 -23.4375
466 461 -257.812
466 465 -421.875
466 466 1265.62
466 485 -117.188
466 486 -164.062
467 439 -187.5
467 462 -187.5
467 467 1312.5
467 468 -750
467 470 -187.5
468 440 -187.5
468 463 -187.5
468 467 -750
468 468 1312.5
468 471 -187.5
469 192 -23.4375
469 193 -117.188
469 207 -39.0625
469 212 -199.219
469 217 -140.625
469 231 -46.875
469 441 -187.5
469 464 -429.688
469 469 1371.09
469 472 -187.5
470 467 -187.5
470 470 1125
470 471 -750
470 473 -187.5
471 468 -187.5
471 470 -750
471 471 1125
471 474 -187.5
472 217 -750
472 469 -187.5
472 472 937.5
473 470 -187.5
473 473 1125
473 474 -750
473 475 -187.5
474 471 -187.5
474 473 -750
474 474 1125
474 476 -187.5
475 473 -187.5
475 475 937.5
475 476 -750
476 474 -187.5
476 475 -750
476 476 937.5
477 220 -57.0652
477 477 937.5
477 478 -750
477 479 -130.435
478 220 -48.913
478 477 -750
478 478 937.5
478 479 -138.587
479 198 -4.07609
479 199 -20.3804
479 200 -32.6087
479 201 -40.7609
479 202 -831.522
479 220 1598.53
479 221 -717.391
479 240 -130.435
479 241 -228.261
479 242 -89.6739
479 449 -1247.28
479 477 -130.435
479 478 -138.587
479 479 4898.75
479 480 -1532.61
479 495 -97.8261
479 496 -122.283
479 497 -130.435
479 498 -561.141
479 499 -441.576
480 203 -194.293
480 220 -717.391
480 221 2432.18
480 222 -717.391
480 243 -750
480 450 -441.576
480 451 -679.348
480 452 -828.804
480 479 -1532.61
480 480 6461.84
480 481 -1532.61
480 500 -1500
481 204 -194.293
481 221 -717.391
481 222 2432.18
481 223 -717.391
481 244 -750
481 453 -441.576
481 454 -679.348
481 455 -828.804
481 480 -1532.61
481 481 6461.84
481 482 -1532.61
481 501 -1500
482 205 -194.293
482 222 -717.391
482 223 2342.86
482 224 -163.043
482 225 -375
482 245 -247.283
482 456 -441.576
482 457 -679.348
482 458 -828.804
482 481 -1532.61
482 482 6331.05
482 483 -717.391
482 484 -896.739
482 502 -608.696
482 503 -672.554
482 504 -599.185
483 223 -313.859
483 460 -375
483 461 -281.25
483 462 -18.75
483 482 -717.391
483 483 2844.38
483 484 624.375
483 485 -646.875
483 486 -365.625
483 505 -187.5
483 506 -168.75
483 507 -300
483 508 -93.75
484 223 -134.511
484 460 -93.75
484 461 -187.5
484 462 -168.75
484 463 -187.5
484 482 -896.739
484 483 624.375
484 484 2656.88
484 485 -196.875
484 486 -478.125
484 506 -18.75
484 507 -450
484 508 -468.75
485 465 -164.062
485 466 -117.188
485 483 -646.875
485 484 -196.875
485 485 1435.55
485 486 205.078
485 487 -140.625
485 488 -117.188
485 489 -23.4375
485 509 -200.893
485 510 -33.4821
486 465 -117.188
486 466 -164.062
486 483 -365.625
486 484 -478.125
486 485 205.078
486 486 2091.8
486 487 -46.875
486 488 -70.3125
486 489 -164.062
486 490 -187.5
486 509 -468.75
486 510 -234.375
487 485 -140.625
487 486 -46.875
487 487 1125
487 488 -750
487 491 -187.5
488 485 -117.188
488 486 -70.3125
488 487 -750
488 488 1125
488 492 -187.5
489 485 -23.4375
489 486 -164.062
489 489 1125
489 490 -750
489 511 -93.75
489 512 -93.75
490 486 -187.5
490 489 -750
490 490 1125
490 511 -62.5
490 512 -125
491 487 -187.5
491 491 937.5
491 492 -750
492 488 -187.5
492 491 -750
492 492 937.5
493 493 937.5
493 494 -750
493 498 -125
493 499 -62.5
494 493 -750
494 494 937.5
494 498 -93.75
494 499 -93.75
495 220 -89.6739
495 242 -750
495 243 -90
495 258 -13.3929
495 479 -97.8261
495 495 1312.5
495 500 -97.5
495 517 -174.107
496 220 -65.2174
496 243 -67.5
496 479 -122.283
496 496 1312.5
496 497 -750
496 500 -120
496 518 -187.5
497 220 -57.0652
497 243 -60
497 479 -130.435
497 496 -750
497 497 1312.5
497 500 -127.5
497 518 -164.062
497 519 -23.4375
498 220 -95.1087
498 243 -113.75
498 479 -561.141
498 493 -125
498 494 -93.75
498 498 1989.58
498 499 197.917
498 500 -542.5
498 518 -273.438
498 519 -382.812
499 220 -27.1739
499 243 -43.75
499 479 -441.576
499 493 -62.5
499 494 -93.75
499 498 197.917
499 499 1552.08
499 500 -612.5
499 518 -78.125
499 519 -390.625
500 221 -750
500 239 -7.5
500 240 -150
500 241 -240
500 242 -90
500 243 2541
500 244 -780
500 259 -780
500 480 -1500
500 495 -97.5
500 496 -120
500 497 -127.5
500 498 -542.5
500 499 -612.5
500 500 6571.5
500 501 -1657.5
500 520 -1657.5
501 222 -750
501 243 -780
501 244 2686.8
501 245 -280
501 260 -780
501 481 -1500
501 500 -1657.5
501 501 6755.7
501 502 -620
501 503 -652.5
501 504 -765
501 521 -1657.5
502 223 -891.304
502 244 -880
502 245 1408.33
502 246 -297.917
502 247 -677.083
502 261 -16.6667
502 262 -58.3333
502 263 -962.5
502 482 -608.696
502 501 -620
502 502 4379.17
502 505 -175
502 506 -187.5
502 522 -412.5
503 223 -171.196
503 244 -191.25
503 263 -239.062
503 482 -672.554
503 501 -652.5
503 503 2625
503 504 562.5
503 507 -468.75
503 508 -187.5
503 522 -604.688
504 223 -57.0652
504 244 -78.75
504 263 -98.4375
504 482 -599.185
504 501 -765
504 503 562.5
504 504 2625
504 507 -281.25
504 508 -562.5
504 522 -745.312
505 245 -12.5
505 270 -112.5
505 483 -187.5
505 502 -175
505 505 1312.5
505 506 -750
505 523 -75
506 270 -75
506 483 -168.75
506 484 -18.75
506 502 -187.5
506 505 -750
506 506 1312.5
506 523 -112.5
507 483 -300
507 484 -450
507 503 -468.75
507 504 -281.25
507 507 2039.54
507 508 237.245
507 509 -535.714
507 510 -214.286
507 524 -26.7857
508 483 -93.75
508 484 -468.75
508 503 -187.5
508 504 -562.5
508 507 237.245
508 508 2173.47
508 509 -214.286
508 510 -535.714
508 524 -160.714
508 525 -187.5
509 485 -200.893
509 486 -468.75
509 507 -535.714
509 508 -214.286
509 509 2020.41
509 510 176.02
509 511 -500
509 512 -250
509 527 -26.7857
510 485 -33.4821
510 486 -234.375
510 507 -214.286
510 508 -535.714
510 509 176.02
510 510 1752.55
510 511 -156.25
510 512 -406.25
510 527 -160.714
510 528 -187.5
511 489 -93.75
511 490 -62.5
511 509 -500
511 510 -156.25
511 511 1427.08
511 512 -52.0833
511 513 -333.333
511 514 -229.167
512 489 -93.75
512 490 -125
512 509 -250
512 510 -406.25
512 511 -52.0833
512 512 1114.58
512 513 -41.6667
512 514 -145.833
513 511 -333.333
513 512 -41.6667
513 513 1083.33
513 514 -333.333
513 515 -250
513 516 -125
514 511 -229.167
514 512 -145.833
514 513 -333.333
514 514 895.833
514 515 -31.25
514 516 -156.25
515 513 -250
515 514 -31.25
515 515 796.875
515 516 -515.625
516 513 -125
516 514 -156.25
516 515 -515.625
516 516 796.875
517 239 -13.3929
517 240 -267.857
517 241 -428.571
517 242 -160.714
517 256 -93.75
517 257 -107.143
517 258 919.324
517 259 -862.5
517 280 -13.3929
517 281 -441.964
517 495 -174.107
517 517 2924.43
517 520 -543.75
517 534 -736.607
518 259 -225
518 496 -187.5
518 497 -164.062
518 498 -273.438
518 499 -78.125
518 518 2109.38
518 519 281.25
518 520 -618.75
518 535 -531.25
518 536 -312.5
519 259 -112.5
519 497 -23.4375
519 498 -382.812
519 499 -390.625
519 518 281.25
519 519 2203.12
519 520 -731.25
519 535 -218.75
519 536 -625
520 243 -780
520 258 -243.75
520 259 2685
520 260 -780
520 282 -780
520 500 -1657.5
520 517 -543.75
520 518 -618.75
520 519 -731.25
520 520 6765
520 521 -1657.5
520 537 -1657.5
521 244 -780
521 259 -780
521 260 2704.8
521 261 -10
521 262 -35
521 263 -892.5
521 283 -780
521 501 -1657.5
521 520 -1657.5
521 521 7015.2
521 522 -1470
521 538 -1657.5
522 245 -103.125
522 260 -498.75
522 263 1802.34
522 266 -4.6875
522 267 -23.4375
522 268 -37.5
522 269 -46.875
522 270 -234.375
522 284 -498.75
522 502 -412.5
522 503 -604.688
522 504 -745.312
522 521 -1470
522 522 5013.28
522 523 -300
522 524 -178.125
522 525 -187.5
522 539 -1470
523 263 -262.5
523 270 90
523 275 -150
523 505 -75
523 506 -112.5
523 522 -300
523 523 1785
523 526 -412.5
523 540 -437.5
523 541 -125
524 263 -9.375
524 507 -26.7857
524 508 -160.714
524 522 -178.125
524 524 1500
524 525 -750
524 527 -187.5
524 540 -15.625
524 541 -171.875
525 508 -187.5
525 522 -187.5
525 524 -750
525 525 1500
525 528 -187.5
525 541 -187.5
526 270 -150
526 275 -75
526 523 -412.5
526 526 1350
526 529 -37.5
526 530 -187.5
526 531 -262.5
526 542 -75
526 543 -150
527 509 -26.7857
527 510 -160.714
527 524 -187.5
527 527 1312.5
527 528 -750
527 544 -187.5
528 510 -187.5
528 525 -187.5
528 527 -750
528 528 1312.5
528 545 -187.5
529 275 -150
529 278 -750
529 526 -37.5
529 529 937.5
530 275 -93.75
530 526 -187.5
530 530 1031.25
530 531 -468.75
530 532 -187.5
530 533 -93.75
531 275 -18.75
531 526 -262.5
531 530 -468.75
531 531 843.75
531 533 -93.75
532 530 -187.5
532 532 937.5
532 533 -750
533 530 -93.75
533 531 -93.75
533 532 -750
533 533 937.5
534 258 -294.643
534 281 485.625
534 282 -618.75
534 517 -736.607
534 534 2458.12
534 537 -412.5
534 552 -150
534 553 -375
534 554 -318.75
534 771 -37.5
535 282 -275
535 518 -531.25
535 519 -218.75
535 535 2125
535 536 375
535 537 -662.5
535 554 -108.333
535 771 -391.667
535 772 -252.976
535 773 -59.5238
536 282 -137.5
536 518 -312.5
536 519 -625
536 535 375
536 536 2375
536 537 -800
536 554 -4.16667
536 771 -58.3333
536 772 -470.238
536 773 -342.262
537 259 -780
537 280 -7.5
537 281 -247.5
537 282 2670
537 283 -780
537 520 -1657.5
537 534 -412.5
537 535 -662.5
537 536 -800
537 537 6772.5
537 538 -1657.5
537 555 -780
537 774 -1657.5
538 260 -780
538 282 -780
538 283 2730
538 284 -780
538 521 -1657.5
538 537 -1657.5
538 538 7020
538 539 -1657.5
538 556 -780
538 775 -1657.5
539 261 -10
539 262 -35
539 263 -892.5
539 283 -780
539 284 2566.8
539 285 -100
539 286 -237.5
539 522 -1470
539 538 -1657.5
539 539 6905.7
539 540 -812.5
539 541 -1040
539 557 -780
539 776 -1657.5
540 270 -343.75
540 284 -406.25
540 523 -437.5
540 524 -15.625
540 539 -812.5
540 540 3053.39
540 541 524.74
540 542 -273.438
540 543 -242.188
540 544 -15.625
540 777 -718.75
540 778 -312.5
541 270 -31.25
541 284 -178.75
541 523 -125
541 524 -171.875
541 525 -187.5
541 539 -1040
541 540 524.74
541 541 2834.64
541 542 -7.8125
541 543 -39.0625
541 544 -171.875
541 545 -187.5
541 777 -406.25
541 778 -812.5
542 275 -206.25
542 526 -75
542 540 -273.438
542 541 -7.8125
542 542 1031.25
542 543 -468.75
543 275 -131.25
543 526 -150
543 540 -242.188
543 541 -39.0625
543 542 -468.75
543 543 1031.25
544 527 -187.5
544 540 -15.625
544 541 -171.875
544 544 1312.5
544 545 -750
544 781 -46.875
544 782 -140.625
545 528 -187.5
545 541 -187.5
545 544 -750
545 545 1312.5
545 782 -187.5
546 546 750
546 547 -750
547 546 -750
547 547 750
548 548 750
548 549 -750
549 548 -750
549 549 750
550 279 -187.5
550 550 1312.5
550 551 -750
550 555 -187.5
550 568 -187.5
551 280 -187.5
551 550 -750
551 551 1312.5
551 555 -180
551 568 -160.714
551 569 -26.7857
551 774 -7.5
552 281 -600
552 534 -150
552 552 2020.41
552 553 176.02
552 555 -600
552 568 -229.592
552 569 -440.051
552 570 -26.7857
552 774 -150
553 281 -375
553 534 -375
553 552 176.02
553 553 1940.05
553 555 -510
553 568 -38.2653
553 569 -229.592
553 570 -336.496
553 774 -240
553 797 -11.7188
554 281 -18.75
554 534 -318.75
554 535 -108.333
554 536 -4.16667
554 554 1620
554 555 -262.5
554 570 -410.156
554 771 -45
554 774 -300
554 797 -152.344
555 282 -1657.5
555 537 -780
555 550 -187.5
555 551 -180
555 552 -600
555 553 -510
555 554 -262.5
555 555 6787.8
555 556 -1657.5
555 571 -1657.5
555 771 -210
555 772 -120
555 773 -37.5
555 774 2632.2
555 775 -780
555 798 -780
556 283 -1657.5
556 538 -780
556 555 -1657.5
556 556 7012.5
556 557 -1657.5
556 572 -1425
556 774 -780
556 775 2700
556 776 -780
556 799 -900
556 800 -56.25
556 801 -18.75
557 284 -1657.5
557 539 -780
557 556 -1657.5
557 557 6849.3
557 558 -450
557 559 -412.5
557 560 -455
557 561 -385
557 573 -1425
557 775 -780
557 776 2623.2
557 777 -345
557 778 -150
557 802 -900
557 803 -56.25
557 804 -18.75
558 285 -416.667
558 286 -52.0833
558 557 -450
558 558 1523.44
558 559 -117.188
558 574 -432.692
558 776 -18.75
558 805 -36.0577
559 285 -312.5
559 286 -156.25
559 557 -412.5
559 558 -117.188
559 559 1523.44
559 574 -360.577
559 776 -56.25
559 805 -108.173
560 285 -111.111
560 286 -451.389
560 557 -455
560 560 2307.29
560 561 223.958
560 562 -473.958
560 563 -182.292
560 574 -269.231
560 776 -201.25
560 805 -387.019
561 285 -13.8889
561 286 -173.611
561 557 -385
561 560 223.958
561 561 1932.29
561 562 -182.292
561 563 -473.958
561 574 -134.615
561 776 -271.25
561 805 -521.635
562 289 -218.75
562 290 -156.25
562 560 -473.958
562 561 -182.292
562 562 2098.96
562 563 182.292
562 564 -333.333
562 565 -229.167
562 566 -31.25
562 575 -269.231
562 810 -387.019
563 289 -62.5
563 290 -125
563 560 -182.292
563 561 -473.958
563 562 182.292
563 563 1848.96
563 564 -41.6667
563 565 -145.833
563 566 -156.25
563 567 -187.5
563 575 -134.615
563 810 -521.635
564 293 -156.25
564 294 -31.25
564 562 -333.333
564 563 -41.6667
564 564 1166.67
564 565 -291.667
564 578 -93.75
564 579 -218.75
565 293 -125
565 294 -250
565 562 -229.167
565 563 -145.833
565 564 -291.667
565 565 1291.67
565 579 -62.5
565 580 -187.5
566 562 -31.25
566 563 -156.25
566 566 1125
566 567 -750
566 580 -93.75
566 815 -93.75
567 563 -187.5
567 566 -750
567 567 1125
567 580 -46.875
567 815 -140.625
568 550 -187.5
568 551 -160.714
568 552 -229.592
568 553 -38.2653
568 568 1844.39
568 569 84.1837
568 571 -690
568 586 -267.857
568 587 -214.286
568 588 -75.8929
568 589 -4.46429
568 798 -60
569 551 -26.7857
569 552 -440.051
569 553 -229.592
569 568 84.1837
569 569 1924.74
569 571 -600
569 586 -13.3929
569 587 -66.9643
569 588 -392.857
569 589 -89.2857
569 798 -150
570 552 -26.7857
570 553 -336.496
570 554 -410.156
570 570 3427
570 571 -701.25
570 588 -91.7969
570 589 -435.547
570 771 -328.125
570 772 -187.5
570 773 -58.5937
570 795 -70.3125
570 796 -58.5938
570 797 1084.72
570 798 -892.5
570 831 -656.25
570 832 -257.812
571 555 -1657.5
571 568 -690
571 569 -600
571 570 -701.25
571 571 6780.6
571 572 -1425
571 590 -277.5
571 591 -262.5
571 592 -1182.5
571 774 -780
571 797 -318.75
571 798 2639.4
571 799 -900
571 800 -56.25
571 801 -18.75
571 833 -550
572 556 -1425
572 571 -1425
572 572 5393.35
572 573 -1282.89
572 593 -276.316
572 594 -256.579
572 595 -921.053
572 775 -450
572 798 -450
572 799 1948.75
572 802 -592.105
572 834 -263.158
573 557 -1425
573 572 -1282.89
573 573 5363.75
573 574 -1036.18
573 596 -276.316
573 597 -256.579
573 598 -651.316
573 776 -450
573 799 -592.105
573 802 1850.07
573 805 -690.789
573 806 -46.0526
573 807 -13.1579
573 835 -434.211
573 836 -54.8246
573 837 -4.38596
574 558 -432.692
574 559 -360.577
574 560 -269.231
574 561 -134.615
574 573 -1036.18
574 574 3856.51
574 575 -908.654
574 599 -274.038
574 600 -245.192
574 601 -475.962
574 802 -276.316
574 805 1133.88
574 810 -403.846
574 838 -173.077
575 562 -269.231
575 563 -134.615
575 574 -908.654
575 575 2709.32
575 576 -158.654
575 577 -144.231
575 578 -165.865
575 579 -137.019
575 580 -108.173
575 602 -274.038
575 603 -245.192
575 604 -475.962
575 805 -403.846
575 810 925.296
575 815 -36.0577
575 841 -173.077
576 575 -158.654
576 576 1125
576 577 -750
576 606 -187.5
576 810 -28.8462
577 575 -144.231
577 576 -750
577 577 937.5
577 810 -43.2692
578 564 -93.75
578 575 -165.865
578 578 1125
578 579 -375
578 581 -234.375
578 582 -46.875
578 607 -93.75
578 810 -115.385
579 564 -218.75
579 565 -62.5
579 575 -137.019
579 578 -375
579 579 1500
579 581 -46.875
579 582 -234.375
579 607 -187.5
579 608 -93.75
579 810 -144.231
580 565 -187.5
580 566 -93.75
580 567 -46.875
580 575 -108.173
580 580 1582.03
580 583 -351.562
580 609 -234.375
580 810 -360.577
580 815 -35.1562
580 822 -117.188
580 844 -46.875
581 578 -234.375
581 579 -46.875
581 581 1031.25
581 582 -468.75
581 584 -187.5
581 585 -93.75
582 578 -46.875
582 579 -234.375
582 581 -468.75
582 582 843.75
582 585 -93.75
583 580 -351.562
583 583 820.312
583 815 -117.188
583 822 -351.562
584 581 -187.5
584 584 937.5
584 585 -750
585 581 -93.75
585 582 -93.75
585 584 -750
585 585 937.5
586 568 -267.857
586 569 -13.3929
586 586 1078.12
586 587 -421.875
586 590 -234.375
586 591 -46.875
586 612 -93.75
587 568 -214.286
587 569 -66.9643
587 586 -421.875
587 587 1265.62
587 590 -46.875
587 591 -234.375
587 612 -234.375
587 613 -46.875
588 568 -75.8929
588 569 -392.857
588 570 -91.7969
588 588 1682.29
588 589 36.4583
588 592 -572.917
588 613 -187.5
588 614 -277.778
588 797 -1.95312
588 833 -83.3333
588 853 -34.7222
589 568 -4.46429
589 569 -89.2857
589 570 -435.547
589 588 36.4583
589 589 1807.29
589 592 -489.583
589 614 -451.389
589 797 -33.2031
589 833 -166.667
589 853 -173.611
590 571 -277.5
590 586 -234.375
590 587 -46.875
590 590 1312.5
590 591 -375
590 593 -234.375
590 594 -46.875
590 615 -93.75
590 798 -3.75
591 571 -262.5
591 586 -46.875
591 587 -234.375
591 590 -375
591 591 1500
591 593 -46.875
591 594 -234.375
591 615 -273.098
591 798 -18.75
591 856 -8.15217
592 571 -1182.5
592 588 -572.917
592 589 -489.583
592 592 5764.46
592 595 -1407.74
592 615 -1195.65
592 798 -880
592 831 -500
592 832 -196.429
592 833 2181.97
592 834 -654.762
592 856 -866.848
593 572 -276.316
593 590 -234.375
593 591 -46.875
593 593 1312.5
593 594 -375
593 596 -234.375
593 597 -46.875
593 616 -93.75
593 799 -4.93421
594 572 -256.579
594 590 -46.875
594 591 -234.375
594 593 -375
594 594 1500
594 596 -46.875
594 597 -234.375
594 616 -273.098
594 799 -24.6711
594 857 -8.15217
595 572 -921.053
595 592 -1407.74
595 595 5970.66
595 598 -883.929
595 616 -1195.65
595 799 -1007.52
595 800 -66.9643
595 801 -22.3214
595 833 -654.762
595 834 2145.41
595 835 -687.5
595 836 -282.738
595 837 -119.048
595 857 -866.848
596 573 -276.316
596 593 -234.375
596 594 -46.875
596 596 1312.5
596 597 -375
596 599 -234.375
596 600 -46.875
596 617 -93.75
596 802 -4.93421
597 573 -256.579
597 593 -46.875
597 594 -234.375
597 596 -375
597 597 1500
597 599 -46.875
597 600 -234.375
597 617 -264.205
597 618 -17.0455
597 802 -24.6711
598 573 -651.316
598 595 -883.929
598 598 3298.12
598 601 -721.875
598 617 -470.455
598 618 -542.045
598 802 -379.934
598 834 -147.321
598 835 808.125
598 838 -309.375
599 574 -274.038
599 596 -234.375
599 597 -46.875
599 599 1312.5
599 600 -375
599 602 -234.375
599 603 -46.875
599 619 -93.75
599 805 -7.21154
600 574 -245.192
600 596 -46.875
600 597 -234.375
600 599 -375
600 600 1500
600 602 -46.875
600 603 -234.375
600 619 -260.417
600 620 -20.8333
600 805 -36.0577
601 574 -475.962
601 598 -721.875
601 601 3273.75
601 604 -721.875
601 619 -364.583
601 620 -554.167
601 805 -555.288
601 835 -309.375
601 838 738.75
601 841 -309.375
602 575 -274.038
602 599 -234.375
602 600 -46.875
602 602 1312.5
602 603 -375
602 605 -234.375
602 606 -46.875
602 621 -93.75
602 810 -7.21154
603 575 -245.192
603 599 -46.875
603 600 -234.375
603 602 -375
603 603 1500
603 605 -46.875
603 606 -234.375
603 621 -260.417
603 622 -20.8333
603 810 -36.0577
604 575 -475.962
604 601 -721.875
604 604 2887.5
604 607 -215.625
604 608 -178.125
604 609 -140.625
604 621 -364.583
604 622 -554.167
604 810 -555.288
604 838 -309.375
604 841 675
604 844 -46.875
605 602 -234.375
605 603 -46.875
605 605 1078.12
605 606 -421.875
605 610 -234.375
605 611 -46.875
605 623 -93.75
606 576 -187.5
606 602 -46.875
606 603 -234.375
606 605 -421.875
606 606 1453.12
606 610 -46.875
606 611 -234.375
606 623 -234.375
606 624 -46.875
607 578 -93.75
607 579 -187.5
607 604 -215.625
607 607 1078.12
607 608 -421.875
607 625 -93.75
607 841 -65.625
608 579 -93.75
608 604 -178.125
608 607 -421.875
608 608 1078.12
608 625 -218.75
608 626 -62.5
608 841 -103.125
609 580 -234.375
609 604 -140.625
609 609 1359.38
609 626 -187.5
609 815 -234.375
609 841 -328.125
609 844 -234.375
610 605 -234.375
610 606 -46.875
610 610 843.75
610 611 -468.75
610 627 -93.75
611 605 -46.875
611 606 -234.375
611 610 -468.75
611 611 1031.25
611 627 -93.75
611 628 -187.5
612 586 -93.75
612 587 -234.375
612 612 1464.84
612 613 -199.219
612 615 -448.37
612 631 -448.37
612 856 -20.3804
612 874 -20.3804
613 587 -46.875
613 588 -187.5
613 612 -199.219
613 613 1371.09
613 615 -407.609
613 631 -407.609
613 856 -61.1413
613 874 -61.1413
614 588 -277.778
614 589 -451.389
614 614 2358.8
614 615 -584.239
614 631 -584.239
614 831 -118.59
614 832 -6.41026
614 853 370.37
614 856 -353.261
614 874 -353.261
615 590 -93.75
615 591 -273.098
615 592 -1195.65
615 612 -448.37
615 613 -407.609
615 614 -584.239
615 615 6228.26
615 616 -1532.61
615 632 -1532.61
615 833 -516.304
615 853 -434.783
615 854 -69.2935
615 855 -52.9891
615 856 2347.83
615 857 -717.391
615 875 -717.391
616 593 -93.75
616 594 -273.098
616 595 -1195.65
616 615 -1532.61
616 616 6322.54
616 617 -961.957
616 618 -750
616 633 -1532.61
616 834 -516.304
616 856 -717.391
616 857 2416.59
616 858 -313.859
616 859 -134.511
616 876 -717.391
617 596 -93.75
617 597 -264.205
617 598 -470.455
617 616 -961.957
617 617 3404.44
617 618 873.967
617 619 -710.227
617 620 -397.727
617 634 -613.636
617 635 -409.091
617 636 -49.7159
617 835 -143.182
617 857 -163.043
617 877 -1.42045
618 597 -17.0455
618 598 -542.045
618 616 -750
618 617 873.967
618 618 3097.62
618 619 -227.273
618 620 -539.773
618 634 -136.364
618 635 -340.909
618 636 -465.909
618 835 -531.818
618 857 -375
618 877 -45.4545
619 599 -93.75
619 600 -260.417
619 601 -364.583
619 617 -710.227
619 618 -227.273
619 619 2939.81
619 620 643.519
619 621 -659.722
619 622 -277.778
619 637 -583.333
619 638 -333.333
619 838 -72.9167
620 600 -20.8333
620 601 -554.167
620 617 -397.727
620 618 -539.773
620 619 643.519
620 620 2898.15
620 621 -277.778
620 622 -659.722
620 637 -166.667
620 638 -416.667
620 639 -187.5
620 838 -320.833
621 602 -93.75
621 603 -260.417
621 604 -364.583
621 619 -659.722
621 620 -277.778
621 621 2865.74
621 622 550.926
621 623 -416.667
621 624 -312.5
621 625 -97.2222
621 626 -27.7778
621 640 -416.667
621 641 -312.5
621 642 -62.5
621 643 -41.6667
621 841 -72.9167
622 603 -20.8333
622 604 -554.167
622 619 -277.778
622 620 -659.722
622 621 550.926
622 622 2782.41
622 623 -52.0833
622 624 -156.25
622 625 -277.778
622 626 -347.222
622 640 -52.0833
622 641 -156.25
622 642 -125
622 643 -145.833
622 644 -187.5
622 841 -320.833
623 605 -93.75
623 606 -234.375
623 621 -416.667
623 622 -52.0833
623 623 1406.25
623 624 -281.25
623 627 -187.5
623 628 -140.625
624 606 -46.875
624 621 -312.5
624 622 -156.25
624 623 -281.25
624 624 843.75
624 628 -46.875
625 607 -93.75
625 608 -218.75
625 621 -97.2222
625 622 -277.778
625 625 1354.17
625 626 -291.667
625 629 -291.667
625 630 -83.3333
626 608 -62.5
626 609 -187.5
626 621 -27.7778
626 622 -347.222
626 625 -291.667
626 626 1479.17
626 629 -83.3333
626 630 -291.667
626 645 -187.5
627 610 -93.75
627 611 -93.75
627 623 -187.5
627 627 1125
627 628 -750
628 611 -187.5
628 623 -140.625
628 624 -46.875
628 627 -750
628 628 1125
629 625 -291.667
629 626 -83.3333
629 629 791.667
629 630 -416.667
630 625 -83.3333
630 626 -291.667
630 629 -416.667
630 630 791.667
631 612 -448.37
631 613 -407.609
631 614 -584.239
631 631 4851.96
631 632 -1532.61
631 648 -1532.61
631 853 -434.783
631 854 -69.2935
631 855 -52.9891
631 874 1645.32
631 875 -717.391
631 885 -717.391
632 615 -1532.61
632 631 -1532.61
632 632 6521.74
632 633 -1532.61
632 649 -1532.61
632 856 -717.391
632 874 -717.391
632 875 2478.26
632 876 -717.391
632 886 -717.391
633 616 -1532.61
633 632 -1532.61
633 633 6441.64
633 634 -684.783
633 635 -586.957
633 636 -547.554
633 650 -1532.61
633 857 -717.391
633 875 -717.391
633 876 2427.93
633 877 -300.272
633 887 -717.391
634 617 -613.636
634 618 -136.364
634 633 -684.783
634 634 2571.43
634 635 428.571
634 637 -535.714
634 638 -214.286
634 651 -684.783
634 876 -65.2174
634 888 -65.2174
635 617 -409.091
635 618 -340.909
635 633 -586.957
635 634 428.571
635 635 2571.43
635 637 -214.286
635 638 -535.714
635 651 -586.957
635 876 -163.043
635 888 -163.043
636 617 -49.7159
636 618 -465.909
636 633 -547.554
636 636 3686.2
636 639 -846.354
636 651 -547.554
636 858 -431.25
636 859 -131.25
636 876 -671.196
636 877 1048.18
636 878 -372.396
636 888 -671.196
637 619 -583.333
637 620 -166.667
637 634 -535.714
637 635 -214.286
637 637 2556.12
637 638 390.306
637 640 -401.786
637 641 -267.857
637 642 -26.7857
637 652 -684.783
637 889 -65.2174
638 619 -333.333
638 620 -416.667
638 634 -214.286
638 635 -535.714
638 637 390.306
638 638 2475.77
638 640 -66.9643
638 641 -200.893
638 642 -160.714
638 643 -187.5
638 652 -586.957
638 889 -163.043
639 620 -187.5
639 636 -846.354
639 639 3365.89
639 644 -565.104
639 652 -547.554
639 860 -431.25
639 861 -131.25
639 877 -372.396
639 878 962.24
639 879 -419.271
639 880 -117.188
639 881 -39.0625
639 889 -671.196
640 621 -416.667
640 622 -52.0833
640 637 -401.786
640 638 -66.9643
640 640 1523.44
640 641 -117.188
640 653 -375
640 654 -93.75
641 621 -312.5
641 622 -156.25
641 637 -267.857
641 638 -200.893
641 640 -117.188
641 641 1523.44
641 653 -187.5
641 654 -281.25
642 621 -62.5
642 622 -125
642 637 -26.7857
642 638 -160.714
642 642 1125
642 643 -750
643 621 -41.6667
643 622 -145.833
643 638 -187.5
643 642 -750
643 643 1312.5
643 655 -187.5
644 622 -187.5
644 639 -565.104
644 644 2020.83
644 645 -390.625
644 655 -132.812
644 656 -335.938
644 862 -87.5
644 863 -6.25
644 878 -91.1458
644 879 104.167
644 882 -234.375
644 890 -85.9375
644 891 -7.8125
645 626 -187.5
645 644 -390.625
645 645 1160.16
645 663 -140.625
645 664 -93.75
645 879 -78.125
645 882 -269.531
646 646 937.5
646 647 -750
646 648 -179.348
646 885 -8.15217
647 646 -750
647 647 937.5
647 648 -171.196
647 885 -16.3043
648 631 -1532.61
648 646 -179.348
648 647 -171.196
648 648 4949.08
648 649 -1532.61
648 669 -652.174
648 670 -554.348
648 874 -717.391
648 885 1646.03
648 886 -717.391
648 904 -358.696
648 905 -179.348
649 632 -1532.61
649 648 -1532.61
649 649 6334.24
649 650 -1532.61
649 671 -1375
649 875 -717.391
649 885 -717.391
649 886 2478.26
649 887 -717.391
649 906 -687.5
650 633 -1532.61
650 649 -1532.61
650 650 6331.05
650 651 -1532.61
650 672 -1264.95
650 876 -717.391
650 886 -717.391
650 887 2456.99
650 888 -717.391
650 907 -748.641
650 908 -16.3043
650 909 -8.15217
651 634 -684.783
651 635 -586.957
651 636 -547.554
651 650 -1532.61
651 651 6250.95
651 652 -1532.61
651 673 -1264.95
651 877 -300.272
651 887 -717.391
651 888 2406.66
651 889 -717.391
651 910 -748.641
651 911 -16.3043
651 912 -8.15217
652 637 -684.783
652 638 -586.957
652 639 -547.554
652 651 -1532.61
652 652 6040.05
652 653 -529.891
652 654 -472.826
652 655 -305.707
652 656 -264.946
652 674 -788.043
652 675 -638.587
652 878 -300.272
652 888 -717.391
652 889 2218.1
652 890 -183.424
652 891 -142.663
652 892 -38.0435
652 893 -10.8696
652 913 -293.478
652 914 -195.652
652 915 -16.3043
652 916 -8.15217
653 640 -375
653 641 -187.5
653 652 -529.891
653 653 1837.5
653 654 75
653 657 -187.5
653 658 -150
653 659 -93.75
653 660 -18.75
653 676 -206.25
653 677 -131.25
653 889 -32.6087
654 640 -93.75
654 641 -281.25
654 652 -472.826
654 653 75
654 654 1762.5
654 658 -37.5
654 659 -187.5
654 660 -262.5
654 676 -75
654 677 -150
654 678 -187.5
654 889 -89.6739
655 643 -187.5
655 644 -132.812
655 652 -305.707
655 655 1722.66
655 656 -82.0312
655 661 -187.5
655 662 -140.625
655 663 -46.875
655 678 -187.5
655 679 -281.25
655 879 -7.8125
655 889 -163.043
656 644 -335.938
656 652 -264.946
656 655 -82.0312
656 656 1628.91
656 662 -46.875
656 663 -140.625
656 664 -187.5
656 678 -37.5
656 679 -243.75
656 879 -85.9375
656 889 -203.804
657 653 -187.5
657 657 937.5
657 658 -750
658 653 -150
658 654 -37.5
658 657 -750
658 658 937.5
659 653 -93.75
659 654 -187.5
659 659 1031.25
659 660 -468.75
659 665 -93.75
659 681 -187.5
660 653 -18.75
660 654 -262.5
660 659 -468.75
660 660 1031.25
660 665 -93.75
660 666 -187.5
661 655 -187.5
661 661 937.5
661 662 -750
662 655 -140.625
662 656 -46.875
662 661 -750
662 662 937.5
663 645 -140.625
663 655 -46.875
663 656 -140.625
663 663 1125
663 664 -750
663 882 -46.875
664 645 -93.75
664 656 -187.5
664 663 -750
664 664 1125
664 882 -93.75
665 659 -93.75
665 660 -93.75
665 665 1125
665 666 -750
665 667 -187.5
666 660 -187.5
666 665 -750
666 666 1125
666 668 -187.5
667 665 -187.5
667 667 937.5
667 668 -750
668 666 -187.5
668 667 -750
668 668 937.5
669 648 -652.174
669 669 1848.21
669 670 214.286
669 671 -678.571
669 686 -468.75
669 885 -97.8261
669 906 -71.4286
669 929 -93.75
670 648 -554.348
670 669 214.286
670 670 2035.71
670 671 -571.429
670 686 -450
670 885 -195.652
670 906 -178.571
670 929 -300
671 649 -1375
671 669 -678.571
671 670 -571.429
671 671 5650.09
671 672 -1300.6
671 687 -1250
671 886 -687.5
671 904 -343.75
671 905 -147.321
671 906 2073.13
671 907 -735.119
671 908 -8.92857
671 934 -625
672 650 -1264.95
672 671 -1300.6
672 672 5090.28
672 673 -1220.49
672 688 -1146.38
672 887 -516.304
672 906 -480.655
672 907 1847.22
672 910 -560.764
672 935 -447.368
673 651 -1264.95
673 672 -1220.49
673 673 5053.24
673 674 -798.611
673 675 -607.639
673 689 -1146.38
673 888 -516.304
673 907 -560.764
673 910 1800.93
673 913 -208.333
673 914 -83.3333
673 936 -447.368
674 652 -788.043
674 673 -798.611
674 674 2784.72
674 675 652.778
674 676 -270.833
674 677 -229.167
674 678 -229.167
674 679 -83.3333
674 690 -500
674 691 -250
674 889 -149.457
674 910 -138.889
675 652 -638.587
675 673 -607.639
675 674 652.778
675 675 2847.22
675 676 -10.4167
675 677 -52.0833
675 678 -333.333
675 679 -479.167
675 690 -250
675 691 -500
675 889 -298.913
675 910 -329.861
676 653 -206.25
676 654 -75
676 674 -270.833
676 675 -10.4167
676 676 1125
676 677 -375
676 680 -93.75
676 693 -93.75
677 653 -131.25
677 654 -150
677 674 -229.167
677 675 -52.0833
677 676 -375
677 677 1500
677 680 -93.75
677 681 -187.5
677 693 -187.5
677 694 -93.75
678 654 -187.5
678 655 -187.5
678 656 -37.5
678 674 -229.167
678 675 -333.333
678 678 1372.5
678 679 -60
678 695 -206.25
678 696 -131.25
679 655 -281.25
679 656 -243.75
679 674 -83.3333
679 675 -479.167
679 678 -60
679 679 1372.5
679 695 -75
679 696 -150
680 676 -93.75
680 677 -93.75
680 680 1312.5
680 681 -750
680 682 -187.5
680 698 -187.5
681 659 -187.5
681 677 -187.5
681 680 -750
681 681 1500
681 683 -187.5
681 698 -93.75
681 699 -93.75
682 680 -187.5
682 682 1125
682 683 -750
682 684 -187.5
683 681 -187.5
683 682 -750
683 683 1125
683 685 -187.5
684 682 -187.5
684 684 937.5
684 685 -750
685 683 -187.5
685 684 -750
685 685 937.5
686 669 -468.75
686 670 -450
686 686 2484.38
686 687 -868.421
686 700 -350
686 701 -287.5
686 702 -239.583
686 929 384.375
686 934 -162.829
686 947 -41.6667
687 671 -1250
687 686 -868.421
687 687 5484.76
687 688 -1282.89
687 703 -1282.89
687 906 -625
687 929 -651.316
687 930 -98.6842
687 931 -78.9474
687 932 -46.0526
687 933 -13.1579
687 934 1896.81
687 935 -592.105
687 950 -592.105
688 672 -1146.38
688 687 -1282.89
688 688 5525.8
688 689 -1282.89
688 704 -1282.89
688 907 -718.75
688 934 -592.105
688 935 1964.34
688 936 -592.105
688 951 -592.105
689 673 -1146.38
689 688 -1282.89
689 689 5275.45
689 690 -671.053
689 691 -552.632
689 692 -379.934
689 705 -1156.25
689 910 -718.75
689 935 -592.105
689 936 1918.63
689 937 -162.829
689 952 -531.25
690 674 -500
690 675 -250
690 689 -671.053
690 690 2322.7
690 691 382.653
690 693 -267.857
690 694 -214.286
690 695 -107.143
690 696 -53.5714
690 706 -510.417
690 936 -78.9474
690 953 -52.0833
691 674 -250
691 675 -500
691 689 -552.632
691 690 382.653
691 691 2349.49
691 693 -13.3929
691 694 -66.9643
691 695 -174.107
691 696 -227.679
691 706 -583.333
691 936 -197.368
691 953 -166.667
692 689 -379.934
692 692 3043.12
692 697 -350
692 706 -401.042
692 913 -525
692 914 -300
692 936 -651.316
692 937 763.125
692 938 -287.5
692 939 -206.25
692 940 -75
692 953 -630.208
693 676 -93.75
693 677 -187.5
693 690 -267.857
693 691 -13.3929
693 693 1312.5
693 694 -375
693 698 -234.375
693 699 -46.875
693 707 -93.75
694 677 -93.75
694 690 -214.286
694 691 -66.9643
694 693 -375
694 694 1312.5
694 698 -46.875
694 699 -234.375
694 707 -243.75
694 708 -37.5
695 678 -206.25
695 679 -75
695 690 -107.143
695 691 -174.107
695 695 1265.62
695 696 -421.875
695 707 -93.75
695 708 -187.5
696 678 -131.25
696 679 -150
696 690 -53.5714
696 691 -227.679
696 695 -421.875
696 696 1265.62
696 707 -18.75
696 708 -262.5
697 692 -350
697 697 1000
697 917 -178.571
697 918 -8.92857
697 937 -25
697 938 -250
697 954 -180.556
697 955 -6.94444
698 680 -187.5
698 681 -93.75
698 693 -234.375
698 694 -46.875
698 698 1031.25
698 699 -468.75
699 681 -93.75
699 693 -46.875
699 694 -234.375
699 698 -468.75
699 699 1031.25
699 709 -187.5
700 686 -350
700 700 1187.5
700 701 -250
700 703 -361.842
700 713 -171.875
700 714 -15.625
700 929 -25
700 950 -13.1579
701 686 -287.5
701 700 -250
701 701 1375
701 703 -328.947
701 713 -250
701 714 -125
701 929 -87.5
701 950 -46.0526
702 686 -239.583
702 702 2226.85
702 703 -559.211
702 714 -187.5
702 715 -477.273
702 929 -572.917
702 930 -52.0833
702 931 -10.4167
702 947 356.481
702 950 -378.289
702 962 -106.061
703 687 -1282.89
703 700 -361.842
703 701 -328.947
703 702 -559.211
703 703 5213.64
703 704 -1282.89
703 716 -1125
703 934 -592.105
703 947 -378.289
703 948 -46.0526
703 949 -13.1579
703 950 1911.36
703 951 -592.105
703 963 -562.5
704 688 -1282.89
704 703 -1282.89
704 704 5151.32
704 705 -1156.25
704 717 -1125
704 935 -592.105
704 950 -592.105
704 951 1973.68
704 952 -531.25
704 964 -562.5
705 689 -1156.25
705 704 -1156.25
705 705 5277.78
705 706 -1220.49
705 718 -1187.5
705 936 -625
705 951 -625
705 952 1847.22
705 953 -560.764
705 965 -593.75
706 690 -510.417
706 691 -583.333
706 692 -401.042
706 705 -1220.49
706 706 4959.49
706 707 -520.833
706 708 -447.917
706 719 -798.611
706 937 -171.875
706 952 -560.764
706 953 1623.84
706 954 -329.861
706 955 -138.889
706 966 -607.639
706 967 -194.444
706 968 -97.2222
707 693 -93.75
707 694 -243.75
707 695 -93.75
707 696 -18.75
707 706 -520.833
707 707 1845
707 708 105
707 709 -281.25
707 710 -93.75
707 720 -479.167
707 953 -41.6667
707 969 -83.3333
708 694 -37.5
708 695 -187.5
708 696 -262.5
708 706 -447.917
708 707 105
708 708 2070
708 709 -187.5
708 710 -375
708 720 -333.333
708 953 -114.583
708 969 -229.167
709 699 -187.5
709 707 -281.25
709 708 -187.5
709 709 1500
709 710 -187.5
709 711 -140.625
709 712 -93.75
709 721 -171.875
709 722 -250
710 707 -93.75
710 708 -375
710 709 -187.5
710 710 1125
710 711 -46.875
710 712 -93.75
710 721 -15.625
710 722 -125
710 723 -187.5
711 709 -140.625
711 710 -46.875
711 711 1125
711 712 -750
711 724 -187.5
712 709 -93.75
712 710 -93.75
712 711 -750
712 712 1125
712 725 -187.5
713 700 -171.875
713 701 -250
713 713 1160.16
713 714 -269.531
713 716 -441.176
713 963 -27.5735
714 700 -15.625
714 701 -125
714 702 -187.5
714 713 -269.531
714 714 1253.91
714 716 -386.029
714 732 -187.5
714 963 -82.7206
715 702 -477.273
715 715 2745.87
715 716 -507.353
715 732 -581.095
715 947 -545.455
715 948 -45.4545
715 949 -5.68182
715 962 560.95
715 963 -617.647
715 977 -526.86
716 703 -1125
716 713 -441.176
716 714 -386.029
716 715 -507.353
716 716 4581.75
716 717 -1158.09
716 733 -849.265
716 950 -562.5
716 962 -220.588
716 963 1660.9
716 964 -529.412
716 978 -463.235
717 704 -1125
717 716 -1158.09
717 717 4675.17
717 718 -1158.09
717 734 -849.265
717 951 -562.5
717 963 -529.412
717 964 1699.83
717 965 -529.412
717 979 -463.235
718 705 -1187.5
718 717 -1158.09
718 718 4643.38
718 719 -790.441
718 735 -849.265
718 952 -500
718 964 -529.412
718 965 1654.41
718 966 -588.235
718 967 -167.279
718 968 -64.3382
718 980 -463.235
719 706 -798.611
719 718 -790.441
719 719 2682.87
719 720 -659.722
719 736 -208.333
719 737 -166.667
719 738 -111.111
719 953 -138.889
719 965 -147.059
719 966 629.63
719 969 -277.778
719 981 -13.8889
720 707 -479.167
720 708 -333.333
720 719 -659.722
720 720 2590.28
720 721 -347.222
720 722 -277.778
720 723 -156.25
720 739 -208.333
720 740 -166.667
720 741 -62.5
720 742 -41.6667
720 966 -277.778
720 969 472.222
720 974 -52.0833
721 709 -171.875
721 710 -15.625
721 720 -347.222
721 721 937.5
721 722 -250
721 724 -62.5
721 743 -62.5
721 969 -27.7778
722 709 -250
722 710 -125
722 720 -277.778
722 721 -250
722 722 1625
722 724 -125
722 725 -187.5
722 743 -218.75
722 744 -93.75
722 969 -97.2222
723 710 -187.5
723 720 -156.25
723 723 1500
723 726 -257.812
723 727 -164.062
723 745 -140.625
723 746 -93.75
723 969 -312.5
723 974 -187.5
724 711 -187.5
724 721 -62.5
724 722 -125
724 724 1312.5
724 725 -750
724 728 -187.5
725 712 -187.5
725 722 -187.5
725 724 -750
725 725 1312.5
725 729 -187.5
726 723 -257.812
726 726 843.75
726 727 -468.75
726 730 -93.75
726 974 -23.4375
727 723 -164.062
727 726 -468.75
727 727 1031.25
727 730 -93.75
727 731 -187.5
727 974 -117.188
728 724 -187.5
728 728 937.5
728 729 -750
729 725 -187.5
729 728 -750
729 729 937.5
730 726 -93.75
730 727 -93.75
730 730 937.5
730 731 -750
731 727 -187.5
731 730 -750
731 731 937.5
732 714 -187.5
732 715 -581.095
732 732 2507.23
732 733 -663.462
732 747 -181.818
732 748 -329.545
732 749 -318.182
732 962 -185.95
732 977 560.95
732 978 -461.538
732 990 -159.091
733 716 -849.265
733 732 -663.462
733 733 3503.7
733 734 -908.654
733 750 -750
733 963 -463.235
733 977 -288.462
733 978 1198.22
733 979 -403.846
733 991 -375
734 717 -849.265
734 733 -908.654
734 734 3850.96
734 735 -908.654
734 751 -750
734 964 -463.235
734 978 -403.846
734 979 1211.54
734 980 -403.846
734 992 -375
735 718 -849.265
735 734 -908.654
735 735 3735.58
735 736 -274.038
735 737 -245.192
735 738 -370.192
735 752 -750
735 965 -463.235
735 979 -403.846
735 980 1153.85
735 981 -235.577
735 982 -14.4231
735 993 -375
736 719 -208.333
736 735 -274.038
736 736 1312.5
736 737 -375
736 739 -234.375
736 740 -46.875
736 753 -93.75
736 966 -72.9167
736 980 -7.21154
737 719 -166.667
737 735 -245.192
737 736 -375
737 737 1500
737 739 -46.875
737 740 -234.375
737 753 -234.375
737 754 -46.875
737 966 -114.583
737 980 -36.0577
738 719 -111.111
738 735 -370.192
738 738 2145.83
738 741 -187.5
738 742 -156.25
738 753 -46.875
738 754 -296.875
738 966 -451.389
738 967 -31.25
738 980 -286.058
738 981 166.667
738 984 -145.833
738 985 -41.6667
738 994 -162.5
738 995 -25
739 720 -208.333
739 736 -234.375
739 737 -46.875
739 739 1265.62
739 740 -421.875
739 743 -234.375
739 744 -46.875
739 969 -72.9167
740 720 -166.667
740 736 -46.875
740 737 -234.375
740 739 -421.875
740 740 1453.12
740 743 -46.875
740 744 -234.375
740 755 -187.5
740 969 -114.583
741 720 -62.5
741 738 -187.5
741 741 1500
741 742 -750
741 745 -187.5
741 755 -62.5
741 756 -125
741 969 -125
742 720 -41.6667
742 738 -156.25
742 741 -750
742 742 1500
742 746 -187.5
742 756 -187.5
742 969 -145.833
742 981 -31.25
743 721 -62.5
743 722 -218.75
743 739 -234.375
743 740 -46.875
743 743 1031.25
743 744 -468.75
744 722 -93.75
744 739 -46.875
744 740 -234.375
744 743 -468.75
744 744 1031.25
744 757 -187.5
745 723 -140.625
745 741 -187.5
745 745 1312.5
745 746 -750
745 757 -62.5
745 758 -125
745 974 -46.875
746 723 -93.75
746 742 -187.5
746 745 -750
746 746 1312.5
746 758 -187.5
746 974 -93.75
747 732 -181.818
747 747 895.833
747 748 -333.333
747 750 -352.273
747 977 -5.68182
747 991 -22.7273
748 732 -329.545
748 747 -333.333
748 748 1270.83
748 750 -295.455
748 761 -187.5
748 977 -45.4545
748 991 -79.5455
749 732 -318.182
749 749 2114.58
749 750 -258.523
749 761 -200
749 977 -338.068
749 988 -270.833
749 989 -166.667
749 990 197.917
749 991 -397.727
749 1002 -362.5
750 733 -750
750 747 -352.273
750 748 -295.455
750 749 -258.523
750 750 2993.8
750 751 -784.091
750 762 -340.909
750 978 -375
750 990 -99.4318
750 991 824.38
750 992 -340.909
750 1003 -221.591
751 734 -750
751 750 -784.091
751 751 3069.73
751 752 -784.091
751 763 -340.909
751 979 -375
751 991 -340.909
751 992 867.769
751 993 -340.909
751 1004 -221.591
752 735 -750
752 751 -784.091
752 752 3013.95
752 753 -426.136
752 754 -340.909
752 764 -340.909
752 980 -375
752 992 -340.909
752 993 821.281
752 994 -187.5
752 995 -68.1818
752 1005 -221.591
753 736 -93.75
753 737 -234.375
753 738 -46.875
753 752 -426.136
753 753 1300.78
753 754 -128.906
753 755 -218.75
753 756 -62.5
753 765 -46.875
753 993 -42.6136
754 737 -46.875
754 738 -296.875
754 752 -340.909
754 753 -128.906
754 754 1769.53
754 755 -156.25
754 756 -312.5
754 765 -290.625
754 981 -31.25
754 993 -127.841
754 1006 -37.5
755 740 -187.5
755 741 -62.5
755 753 -218.75
755 754 -156.25
755 755 1312.5
755 756 -250
755 757 -291.667
755 758 -83.3333
755 766 -62.5
756 741 -125
756 742 -187.5
756 753 -62.5
756 754 -312.5
756 755 -250
756 756 1625
756 757 -83.3333
756 758 -291.667
756 766 -275
756 1007 -37.5
757 744 -187.5
757 745 -62.5
757 755 -291.667
757 756 -83.3333
757 757 1104.17
757 758 -291.667
757 759 -156.25
757 760 -31.25
758 745 -125
758 746 -187.5
758 755 -83.3333
758 756 -291.667
758 757 -291.667
758 758 1354.17
758 759 -125
758 760 -250
759 757 -156.25
759 758 -125
759 759 796.875
759 760 -515.625
760 757 -31.25
760 758 -250
760 759 -515.625
760 760 796.875
761 748 -187.5
761 749 -200
761 761 1155
761 762 -412.5
761 990 -25
761 1002 -180
761 1003 -150
762 750 -340.909
762 761 -412.5
762 762 1687.5
762 763 -412.5
762 991 -221.591
762 1002 -150
762 1004 -150
763 751 -340.909
763 762 -412.5
763 763 1687.5
763 764 -412.5
763 992 -221.591
763 1003 -150
763 1005 -150
764 752 -340.909
764 763 -412.5
764 764 1687.5
764 765 -412.5
764 993 -221.591
764 1004 -150
764 1006 -150
765 753 -46.875
765 754 -290.625
765 764 -412.5
765 765 1620
765 766 -412.5
765 994 -105
765 995 -7.5
765 1005 -150
765 1006 -45
765 1007 -150
766 755 -62.5
766 756 -275
766 765 -412.5
766 766 1207.5
766 996 -105
766 997 -7.5
766 1006 -150
766 1007 -195
767 767 750
767 768 -750
768 767 -750
768 768 750
769 769 937.5
769 770 -750
769 772 -26.7857
769 773 -160.714
770 769 -750
770 770 937.5
770 773 -187.5
771 534 -37.5
771 535 -391.667
771 536 -58.3333
771 554 -45
771 555 -210
771 570 -328.125
771 771 1657.5
771 774 -352.5
771 797 -234.375
772 535 -252.976
772 536 -470.238
772 555 -120
772 570 -187.5
772 769 -26.7857
772 772 2035.71
772 773 214.286
772 774 -630
772 797 -562.5
773 535 -59.5238
773 536 -342.262
773 555 -37.5
773 570 -58.5937
773 769 -160.714
773 770 -187.5
773 772 214.286
773 773 1660.71
773 774 -525
773 797 -503.906
774 282 -780
774 537 -1657.5
774 551 -7.5
774 552 -150
774 553 -240
774 554 -300
774 555 2632.2
774 556 -780
774 571 -780
774 771 -352.5
774 772 -630
774 773 -525
774 774 6885.3
774 775 -1657.5
774 798 -1657.5
775 283 -780
775 538 -1657.5
775 555 -780
775 556 2700
775 557 -780
775 572 -450
775 774 -1657.5
775 775 6900
775 776 -1657.5
775 799 -975
775 800 -412.5
775 801 -450
776 284 -780
776 539 -1657.5
776 556 -780
776 557 2623.2
776 558 -18.75
776 559 -56.25
776 560 -201.25
776 561 -271.25
776 573 -450
776 775 -1657.5
776 776 6841.8
776 777 -780
776 778 -975
776 802 -975
776 803 -412.5
776 804 -450
777 540 -718.75
777 541 -406.25
777 557 -345
777 776 -780
777 777 2657.54
777 778 802.686
777 779 -196.023
777 780 -161.932
777 781 -127.841
777 782 -42.6136
777 806 -284.091
777 807 -227.273
777 808 -127.841
777 809 -42.6136
778 540 -312.5
778 541 -812.5
778 557 -150
778 776 -975
778 777 802.686
778 778 3424.59
778 779 -85.2273
778 780 -119.318
778 781 -340.909
778 782 -426.136
778 806 -90.9091
778 807 -147.727
778 808 -340.909
778 809 -426.136
779 777 -196.023
779 778 -85.2273
779 779 1218.75
779 780 -468.75
779 783 -234.375
779 784 -46.875
779 812 -187.5
780 777 -161.932
780 778 -119.318
780 779 -468.75
780 780 1031.25
780 783 -46.875
780 784 -234.375
781 544 -46.875
781 777 -127.841
781 778 -340.909
781 781 1488.28
781 782 -128.906
781 785 -187.5
781 786 -140.625
781 787 -46.875
781 813 -351.562
781 814 -117.188
782 544 -140.625
782 545 -187.5
782 777 -42.6136
782 778 -426.136
782 781 -128.906
782 782 1769.53
782 786 -46.875
782 787 -140.625
782 788 -187.5
782 813 -117.188
782 814 -351.562
783 779 -234.375
783 780 -46.875
783 783 984.375
783 784 -515.625
783 817 -187.5
784 779 -46.875
784 780 -234.375
784 783 -515.625
784 784 796.875
785 781 -187.5
785 785 1312.5
785 786 -750
785 789 -187.5
785 818 -187.5
786 781 -140.625
786 782 -46.875
786 785 -750
786 786 1312.5
786 790 -187.5
786 819 -187.5
787 781 -46.875
787 782 -140.625
787 787 1312.5
787 788 -750
787 791 -187.5
787 820 -187.5
788 782 -187.5
788 787 -750
788 788 1312.5
788 792 -187.5
788 821 -187.5
789 785 -187.5
789 789 937.5
789 790 -750
790 786 -187.5
790 789 -750
790 790 937.5
791 787 -187.5
791 791 1312.5
791 792 -750
791 793 -187.5
791 825 -187.5
792 788 -187.5
792 791 -750
792 792 1312.5
792 794 -187.5
792 826 -187.5
793 791 -187.5
793 793 1125
793 794 -750
793 827 -187.5
794 792 -187.5
794 793 -750
794 794 1125
794 828 -187.5
795 570 -70.3125
795 795 937.5
795 796 -750
795 797 -117.188
796 570 -58.5938
796 795 -750
796 796 937.5
796 797 -128.906
797 553 -11.7188
797 554 -152.344
797 570 1084.72
797 571 -318.75
797 588 -1.95312
797 589 -33.2031
797 771 -234.375
797 772 -562.5
797 773 -503.906
797 795 -117.188
797 796 -128.906
797 797 3778.56
797 798 -1275
797 831 -656.25
797 832 -867.188
798 555 -780
798 568 -60
798 569 -150
798 570 -892.5
798 571 2639.4
798 572 -450
798 590 -3.75
798 591 -18.75
798 592 -880
798 774 -1657.5
798 797 -1275
798 798 6878.1
798 799 -975
798 800 -412.5
798 801 -450
798 833 -1512.5
799 556 -900
799 571 -900
799 572 1948.75
799 573 -592.105
799 593 -4.93421
799 594 -24.6711
799 595 -1007.52
799 775 -975
799 798 -975
799 799 5521.64
799 802 -1282.89
799 834 -808.271
800 556 -56.25
800 571 -56.25
800 595 -66.9643
800 775 -412.5
800 798 -412.5
800 800 1875
800 803 -351.562
800 804 -117.188
800 834 -401.786
801 556 -18.75
801 571 -18.75
801 595 -22.3214
801 775 -450
801 798 -450
801 801 1875
801 803 -117.188
801 804 -351.562
801 834 -446.429
802 557 -900
802 572 -592.105
802 573 1850.07
802 574 -276.316
802 596 -4.93421
802 597 -24.6711
802 598 -379.934
802 776 -975
802 799 -1282.89
802 802 5186.11
802 805 -621.711
802 806 -328.947
802 807 -361.842
802 835 -597.039
802 836 -570.175
802 837 -120.614
803 557 -56.25
803 776 -412.5
803 800 -351.562
803 801 -117.188
803 803 1875
803 808 -351.562
803 809 -117.188
803 836 -156.25
803 837 -312.5
804 557 -18.75
804 776 -450
804 800 -117.188
804 801 -351.562
804 804 1875
804 808 -117.188
804 809 -351.562
804 836 -52.0833
804 837 -416.667
805 558 -36.0577
805 559 -108.173
805 560 -387.019
805 561 -521.635
805 573 -690.789
805 574 1133.88
805 575 -403.846
805 599 -7.21154
805 600 -36.0577
805 601 -555.288
805 802 -621.711
805 805 3813.24
805 810 -908.654
805 838 -670.673
806 573 -46.0526
806 777 -284.091
806 778 -90.9091
806 802 -328.947
806 806 1645.83
806 807 -208.333
806 811 -187.5
806 812 -125
806 839 -347.222
806 840 -27.7778
807 573 -13.1579
807 777 -227.273
807 778 -147.727
807 802 -361.842
807 806 -208.333
807 807 1395.83
807 812 -62.5
807 839 -277.778
807 840 -97.2222
808 777 -127.841
808 778 -340.909
808 803 -351.562
808 804 -117.188
808 808 1875
808 813 -351.562
808 814 -117.188
808 839 -156.25
808 840 -312.5
809 777 -42.6136
809 778 -426.136
809 803 -117.188
809 804 -351.562
809 809 1875
809 813 -117.188
809 814 -351.562
809 839 -52.0833
809 840 -416.667
810 562 -387.019
810 563 -521.635
810 574 -403.846
810 575 925.296
810 576 -28.8462
810 577 -43.2692
810 578 -115.385
810 579 -144.231
810 580 -360.577
810 602 -7.21154
810 603 -36.0577
810 604 -555.288
810 805 -908.654
810 810 3690.09
810 815 -432.692
810 841 -670.673
811 806 -187.5
811 811 1312.5
811 812 -750
811 816 -187.5
811 842 -187.5
812 779 -187.5
812 806 -125
812 807 -62.5
812 811 -750
812 812 1500
812 817 -187.5
812 842 -166.667
812 843 -20.8333
813 781 -351.562
813 782 -117.188
813 808 -351.562
813 809 -117.188
813 813 1828.12
813 814 -46.875
813 818 -187.5
813 819 -140.625
813 820 -46.875
813 842 -156.25
813 843 -312.5
814 781 -117.188
814 782 -351.562
814 808 -117.188
814 809 -351.562
814 813 -46.875
814 814 1828.12
814 819 -46.875
814 820 -140.625
814 821 -187.5
814 842 -52.0833
814 843 -416.667
815 566 -93.75
815 567 -140.625
815 575 -36.0577
815 580 -35.1562
815 583 -117.188
815 609 -234.375
815 810 -432.692
815 815 1675.78
815 822 -351.562
815 844 -234.375
816 811 -187.5
816 816 1312.5
816 817 -750
816 823 -187.5
816 845 -187.5
817 783 -187.5
817 812 -187.5
817 816 -750
817 817 1500
817 824 -187.5
817 845 -93.75
817 846 -93.75
818 785 -187.5
818 813 -187.5
818 818 1312.5
818 819 -750
818 847 -150
818 848 -37.5
819 786 -187.5
819 813 -140.625
819 814 -46.875
819 818 -750
819 819 1312.5
819 847 -112.5
819 848 -75
820 787 -187.5
820 813 -46.875
820 814 -140.625
820 820 1500
820 821 -750
820 825 -187.5
820 847 -37.5
820 848 -150
821 788 -187.5
821 814 -187.5
821 820 -750
821 821 1500
821 826 -187.5
821 848 -187.5
822 580 -117.188
822 583 -351.562
822 815 -351.562
822 822 820.312
823 816 -187.5
823 823 937.5
823 824 -750
824 817 -187.5
824 823 -750
824 824 937.5
825 791 -187.5
825 820 -187.5
825 825 1312.5
825 826 -750
825 827 -187.5
826 792 -187.5
826 821 -187.5
826 825 -750
826 826 1312.5
826 828 -187.5
827 793 -187.5
827 825 -187.5
827 827 1125
827 828 -750
828 794 -187.5
828 826 -187.5
828 827 -750
828 828 1125
829 829 937.5
829 830 -750
829 831 -57.6923
829 832 -129.808
830 829 -750
830 830 937.5
830 831 -43.2692
830 832 -144.231
831 570 -656.25
831 592 -500
831 614 -118.59
831 797 -656.25
831 829 -57.6923
831 830 -43.2692
831 831 3006.66
831 832 685.651
831 833 -812.5
831 853 -544.872
831 854 -165.865
831 855 -137.019
832 570 -257.812
832 592 -196.429
832 614 -6.41026
832 797 -867.188
832 829 -129.808
832 830 -144.231
832 831 685.651
832 832 2184.54
832 833 -928.571
832 853 -80.1282
832 854 -115.385
832 855 -144.231
833 571 -550
833 588 -83.3333
833 589 -166.667
833 592 2181.97
833 595 -654.762
833 615 -516.304
833 798 -1512.5
833 831 -812.5
833 832 -928.571
833 833 5809.1
833 834 -1407.74
833 856 -1358.7
834 572 -263.158
834 592 -654.762
834 595 2145.41
834 598 -147.321
834 616 -516.304
834 799 -808.271
834 800 -401.786
834 801 -446.429
834 833 -1407.74
834 834 5676.02
834 835 -343.75
834 836 -654.762
834 837 -818.452
834 857 -1358.7
835 573 -434.211
835 595 -687.5
835 598 808.125
835 601 -309.375
835 617 -143.182
835 618 -531.818
835 802 -597.039
835 834 -343.75
835 835 3148.12
835 838 -721.875
835 858 -187.5
836 573 -54.8246
836 595 -282.738
836 802 -570.175
836 803 -156.25
836 804 -52.0833
836 834 -654.762
836 836 2997.69
836 837 648.148
836 839 -659.722
836 840 -277.778
836 858 -500
836 859 -437.5
837 573 -4.38596
837 595 -119.048
837 802 -120.614
837 803 -312.5
837 804 -416.667
837 834 -818.452
837 836 648.148
837 837 2831.02
837 839 -277.778
837 840 -659.722
837 858 -175
837 859 -575
838 574 -173.077
838 598 -309.375
838 601 738.75
838 604 -309.375
838 619 -72.9167
838 620 -320.833
838 805 -670.673
838 835 -721.875
838 838 2748.75
838 841 -721.875
838 860 -187.5
839 806 -347.222
839 807 -277.778
839 808 -156.25
839 809 -52.0833
839 836 -659.722
839 837 -277.778
839 839 2997.69
839 840 648.148
839 842 -659.722
839 843 -277.778
839 860 -500
839 861 -437.5
840 806 -27.7778
840 807 -97.2222
840 808 -312.5
840 809 -416.667
840 836 -277.778
840 837 -659.722
840 839 648.148
840 840 2831.02
840 842 -277.778
840 843 -659.722
840 860 -175
840 861 -575
841 575 -173.077
841 601 -309.375
841 604 675
841 607 -65.625
841 608 -103.125
841 609 -328.125
841 621 -72.9167
841 622 -320.833
841 810 -670.673
841 838 -721.875
841 841 2700
841 844 -421.875
841 862 -187.5
842 811 -187.5
842 812 -166.667
842 813 -156.25
842 814 -52.0833
842 839 -659.722
842 840 -277.778
842 842 2659.72
842 843 486.111
842 845 -270.833
842 846 -229.167
842 847 -229.167
842 848 -83.3333
842 862 -208.333
842 863 -416.667
842 864 -138.889
842 865 -69.4444
843 812 -20.8333
843 813 -312.5
843 814 -416.667
843 839 -277.778
843 840 -659.722
843 842 486.111
843 843 2743.06
843 845 -10.4167
843 846 -52.0833
843 847 -333.333
843 848 -479.167
843 862 -16.6667
843 863 -108.333
843 864 -236.111
843 865 -305.556
844 580 -46.875
844 604 -46.875
844 609 -234.375
844 815 -234.375
844 841 -421.875
844 844 984.375
845 816 -187.5
845 817 -93.75
845 842 -270.833
845 843 -10.4167
845 845 1265.62
845 846 -421.875
845 866 -187.5
845 867 -93.75
846 817 -93.75
846 842 -229.167
846 843 -52.0833
846 845 -421.875
846 846 890.625
846 867 -93.75
847 818 -150
847 819 -112.5
847 820 -37.5
847 842 -229.167
847 843 -333.333
847 847 1657.5
847 848 30
847 849 -262.5
847 850 -187.5
847 868 -250
847 869 -125
848 818 -37.5
848 819 -75
848 820 -150
848 821 -187.5
848 842 -83.3333
848 843 -479.167
848 847 30
848 848 1470
848 849 -18.75
848 850 -93.75
848 868 -125
848 869 -250
849 847 -262.5
849 848 -18.75
849 849 1031.25
849 850 -468.75
849 851 -234.375
849 852 -46.875
850 847 -187.5
850 848 -93.75
850 849 -468.75
850 850 1031.25
850 851 -46.875
850 852 -234.375
851 849 -234.375
851 850 -46.875
851 851 796.875
851 852 -515.625
852 849 -46.875
852 850 -234.375
852 851 -515.625
852 852 796.875
853 588 -34.7222
853 589 -173.611
853 614 370.37
853 615 -434.783
853 631 -434.783
853 831 -544.872
853 832 -80.1282
853 853 2337.96
853 856 -502.717
853 874 -502.717
854 615 -69.2935
854 631 -69.2935
854 831 -165.865
854 832 -115.385
854 854 1265.62
854 855 -421.875
854 856 -211.957
854 874 -211.957
855 615 -52.9891
855 631 -52.9891
855 831 -137.019
855 832 -144.231
855 854 -421.875
855 855 1265.62
855 856 -228.261
855 874 -228.261
856 591 -8.15217
856 592 -866.848
856 612 -20.3804
856 613 -61.1413
856 614 -353.261
856 615 2347.83
856 616 -717.391
856 632 -717.391
856 833 -1358.7
856 853 -502.717
856 854 -211.957
856 855 -228.261
856 856 5763.59
856 857 -1532.61
856 875 -1532.61
857 594 -8.15217
857 595 -866.848
857 615 -717.391
857 616 2416.59
857 617 -163.043
857 618 -375
857 633 -717.391
857 834 -1358.7
857 856 -1532.61
857 857 6469.28
857 858 -717.391
857 859 -896.739
857 876 -1532.61
858 616 -313.859
858 636 -431.25
858 835 -187.5
858 836 -500
858 837 -175
858 857 -717.391
858 858 3146.25
858 859 791.25
858 860 -721.875
858 861 -309.375
858 877 -581.25
859 616 -134.511
859 636 -131.25
859 836 -437.5
859 837 -575
859 857 -896.739
859 858 791.25
859 859 2958.75
859 860 -309.375
859 861 -721.875
859 877 -543.75
860 639 -431.25
860 838 -187.5
860 839 -500
860 840 -175
860 858 -721.875
860 859 -309.375
860 860 3116.25
860 861 746.25
860 862 -487.5
860 863 -356.25
860 864 -87.5
860 865 -25
860 878 -581.25
861 639 -131.25
861 839 -437.5
861 840 -575
861 858 -309.375
861 859 -721.875
861 860 746.25
861 861 2891.25
861 862 -75
861 863 -206.25
861 864 -287.5
861 865 -350
861 878 -543.75
862 644 -87.5
862 841 -187.5
862 842 -208.333
862 843 -16.6667
862 860 -487.5
862 861 -75
862 862 1635
862 863 15
862 866 -112.5
862 867 -75
862 879 -362.5
862 880 -37.5
863 644 -6.25
863 842 -416.667
863 843 -108.333
863 860 -356.25
863 861 -206.25
863 862 15
863 863 1710
863 866 -75
863 867 -112.5
863 879 -106.25
863 880 -290.625
863 881 -46.875
864 842 -138.889
864 843 -236.111
864 860 -87.5
864 861 -287.5
864 864 1645.83
864 865 -208.333
864 868 -291.667
864 869 -83.3333
864 880 -46.875
864 881 -265.625
865 842 -69.4444
865 843 -305.556
865 860 -25
865 861 -350
865 864 -208.333
865 865 1395.83
865 868 -83.3333
865 869 -291.667
865 881 -62.5
866 845 -187.5
866 862 -112.5
866 863 -75
866 866 1312.5
866 867 -750
866 870 -187.5
867 845 -93.75
867 846 -93.75
867 862 -75
867 863 -112.5
867 866 -750
867 867 1312.5
867 871 -187.5
868 847 -250
868 848 -125
868 864 -291.667
868 865 -83.3333
868 868 1375
868 869 -250
868 872 -62.5
868 883 -46.875
868 884 -265.625
869 847 -125
869 848 -250
869 864 -83.3333
869 865 -291.667
869 868 -250
869 869 1375
869 872 -125
869 873 -187.5
869 884 -62.5
870 866 -187.5
870 870 937.5
870 871 -750
871 867 -187.5
871 870 -750
871 871 937.5
872 868 -62.5
872 869 -125
872 872 937.5
872 873 -750
873 869 -187.5
873 872 -750
873 873 937.5
874 612 -20.3804
874 613 -61.1413
874 614 -353.261
874 631 1645.32
874 632 -717.391
874 648 -717.391
874 853 -502.717
874 854 -211.957
874 855 -228.261
874 874 4232.4
874 875 -1532.61
874 885 -1532.61
875 615 -717.391
875 631 -717.391
875 632 2478.26
875 633 -717.391
875 649 -717.391
875 856 -1532.61
875 874 -1532.61
875 875 6521.74
875 876 -1532.61
875 886 -1532.61
876 616 -717.391
876 632 -717.391
876 633 2427.93
876 634 -65.2174
876 635 -163.043
876 636 -671.196
876 650 -717.391
876 857 -1532.61
876 875 -1532.61
876 876 6140
876 877 -918.478
876 887 -1532.61
877 617 -1.42045
877 618 -45.4545
877 633 -300.272
877 636 1048.18
877 639 -372.396
877 651 -300.272
877 858 -581.25
877 859 -543.75
877 876 -918.478
877 877 3779.95
877 878 -846.354
877 888 -918.478
878 636 -372.396
878 639 962.24
878 644 -91.1458
878 652 -300.272
878 860 -581.25
878 861 -543.75
878 877 -846.354
878 878 3709.64
878 879 -236.979
878 880 -351.562
878 881 -429.688
878 889 -918.478
879 639 -419.271
879 644 104.167
879 645 -78.125
879 655 -7.8125
879 656 -85.9375
879 862 -362.5
879 863 -106.25
879 878 -236.979
879 879 1895.83
879 882 -234.375
879 890 -335.938
879 891 -132.812
880 639 -117.188
880 862 -37.5
880 863 -290.625
880 864 -46.875
880 878 -351.562
880 880 1675.78
880 881 -128.906
880 883 -351.562
880 884 -117.188
880 891 -187.5
880 892 -46.875
881 639 -39.0625
881 863 -46.875
881 864 -265.625
881 865 -62.5
881 878 -429.688
881 880 -128.906
881 881 1769.53
881 883 -117.188
881 884 -351.562
881 892 -265.625
881 893 -62.5
882 644 -234.375
882 645 -269.531
882 663 -46.875
882 664 -93.75
882 879 -234.375
882 882 878.906
883 868 -46.875
883 880 -351.562
883 881 -117.188
883 883 1031.25
883 884 -281.25
883 895 -187.5
883 896 -46.875
884 868 -265.625
884 869 -62.5
884 880 -117.188
884 881 -351.562
884 883 -281.25
884 884 1406.25
884 896 -265.625
884 897 -62.5
885 631 -717.391
885 646 -8.15217
885 647 -16.3043
885 648 1646.03
885 649 -717.391
885 669 -97.8261
885 670 -195.652
885 874 -1532.61
885 885 4696.36
885 886 -1532.61
885 904 -672.554
885 905 -851.902
886 632 -717.391
886 648 -717.391
886 649 2478.26
886 650 -717.391
886 671 -687.5
886 875 -1532.61
886 885 -1532.61
886 886 6334.24
886 887 -1532.61
886 906 -1375
887 633 -717.391
887 649 -717.391
887 650 2456.99
887 651 -717.391
887 672 -516.304
887 876 -1532.61
887 886 -1532.61
887 887 6192.46
887 888 -1532.61
887 907 -1032.61
887 908 -171.196
887 909 -179.348
888 634 -65.2174
888 635 -163.043
888 636 -671.196
888 650 -717.391
888 651 2406.66
888 652 -717.391
888 673 -516.304
888 877 -918.478
888 887 -1532.61
888 888 5810.73
888 889 -1532.61
888 910 -1032.61
888 911 -171.196
888 912 -179.348
889 637 -65.2174
889 638 -163.043
889 639 -671.196
889 651 -717.391
889 652 2218.1
889 653 -32.6087
889 654 -89.6739
889 655 -163.043
889 656 -203.804
889 674 -149.457
889 675 -298.913
889 878 -918.478
889 888 -1532.61
889 889 5461.25
889 890 -285.326
889 891 -326.087
889 892 -336.957
889 893 -364.13
889 913 -456.522
889 914 -554.348
889 915 -171.196
889 916 -179.348
890 644 -85.9375
890 652 -183.424
890 879 -335.938
890 889 -285.326
890 890 1523.44
890 891 -117.188
890 894 -46.875
890 917 -334.821
890 918 -133.929
891 644 -7.8125
891 652 -142.663
891 879 -132.812
891 880 -187.5
891 889 -326.087
891 890 -117.188
891 891 1710.94
891 894 -140.625
891 895 -187.5
891 917 -200.893
891 918 -267.857
892 652 -38.0435
892 880 -46.875
892 881 -265.625
892 889 -336.957
892 892 1458.33
892 893 -208.333
892 896 -291.667
892 897 -83.3333
892 919 -125
892 920 -62.5
893 652 -10.8696
893 881 -62.5
893 889 -364.13
893 892 -208.333
893 893 1208.33
893 896 -83.3333
893 897 -291.667
893 919 -62.5
893 920 -125
894 890 -46.875
894 891 -140.625
894 894 937.5
894 895 -750
895 883 -187.5
895 891 -187.5
895 894 -750
895 895 1312.5
895 921 -187.5
896 883 -46.875
896 884 -265.625
896 892 -291.667
896 893 -83.3333
896 896 1270.83
896 897 -208.333
896 898 -156.25
896 899 -31.25
896 923 -125
896 924 -62.5
897 884 -62.5
897 892 -83.3333
897 893 -291.667
897 896 -208.333
897 897 1208.33
897 898 -125
897 899 -250
897 923 -62.5
897 924 -125
898 896 -156.25
898 897 -125
898 898 1031.25
898 899 -468.75
898 900 -234.375
898 901 -46.875
899 896 -31.25
899 897 -250
899 898 -468.75
899 899 1031.25
899 900 -46.875
899 901 -234.375
900 898 -234.375
900 899 -46.875
900 900 796.875
900 901 -515.625
901 898 -46.875
901 899 -234.375
901 900 -515.625
901 901 796.875
902 902 937.5
902 903 -750
902 904 -75
902 905 -112.5
903 902 -750
903 903 937.5
903 904 -56.25
903 905 -131.25
904 648 -358.696
904 671 -343.75
904 885 -672.554
904 902 -75
904 903 -56.25
904 904 2426.25
904 905 536.25
904 906 -687.5
904 929 -187.5
904 930 -215.625
904 931 -178.125
904 932 -125
904 933 -62.5
905 648 -179.348
905 671 -147.321
905 885 -851.902
905 902 -112.5
905 903 -131.25
905 904 536.25
905 905 2501.25
905 906 -883.929
905 930 -65.625
905 931 -103.125
905 932 -250
905 933 -312.5
906 649 -687.5
906 669 -71.4286
906 670 -178.571
906 671 2073.13
906 672 -480.655
906 687 -625
906 886 -1375
906 904 -687.5
906 905 -883.929
906 906 5578.66
906 907 -1046.13
906 908 -178.571
906 909 -187.5
906 934 -1250
907 650 -748.641
907 671 -735.119
907 672 1847.22
907 673 -560.764
907 688 -718.75
907 887 -1032.61
907 906 -1046.13
907 907 5277.78
907 910 -1220.49
907 935 -1062.5
908 650 -16.3043
908 671 -8.92857
908 887 -171.196
908 906 -178.571
908 908 1500
908 909 -750
908 911 -187.5
908 935 -187.5
909 650 -8.15217
909 887 -179.348
909 906 -187.5
909 908 -750
909 909 1312.5
909 912 -187.5
910 651 -748.641
910 672 -560.764
910 673 1800.93
910 674 -138.889
910 675 -329.861
910 689 -718.75
910 888 -1032.61
910 907 -1220.49
910 910 5219.91
910 913 -541.667
910 914 -666.667
910 936 -1062.5
911 651 -16.3043
911 888 -171.196
911 908 -187.5
911 911 1500
911 912 -750
911 915 -187.5
911 936 -187.5
912 651 -8.15217
912 888 -179.348
912 909 -187.5
912 911 -750
912 912 1312.5
912 916 -187.5
913 652 -293.478
913 673 -208.333
913 692 -525
913 889 -456.522
913 910 -541.667
913 913 2571.43
913 914 428.571
913 917 -535.714
913 918 -214.286
913 937 -225
914 652 -195.652
914 673 -83.3333
914 692 -300
914 889 -554.348
914 910 -666.667
914 913 428.571
914 914 2571.43
914 917 -214.286
914 918 -535.714
914 937 -450
915 652 -16.3043
915 889 -171.196
915 911 -187.5
915 915 1500
915 916 -750
915 919 -187.5
915 937 -187.5
916 652 -8.15217
916 889 -179.348
916 912 -187.5
916 915 -750
916 916 1312.5
916 920 -187.5
917 697 -178.571
917 890 -334.821
917 891 -200.893
917 913 -535.714
917 914 -214.286
917 917 1802.3
917 918 206.633
917 921 -66.9643
917 922 -13.3929
917 938 -303.571
917 939 -139.286
917 940 -21.4286
918 697 -8.92857
918 890 -133.929
918 891 -267.857
918 913 -214.286
918 914 -535.714
918 917 206.633
918 918 2096.94
918 921 -214.286
918 922 -267.857
918 938 -71.4286
918 939 -385.714
918 940 -203.571
919 892 -125
919 893 -62.5
919 915 -187.5
919 919 1500
919 920 -750
919 923 -187.5
919 940 -187.5
920 892 -62.5
920 893 -125
920 916 -187.5
920 919 -750
920 920 1312.5
920 924 -187.5
921 895 -187.5
921 917 -66.9643
921 918 -214.286
921 921 1453.12
921 922 -421.875
921 925 -187.5
921 926 -93.75
921 941 -206.25
921 942 -75
922 917 -13.3929
922 918 -267.857
922 921 -421.875
922 922 1078.12
922 926 -93.75
922 941 -131.25
922 942 -150
923 896 -125
923 897 -62.5
923 919 -187.5
923 923 1312.5
923 924 -750
923 942 -187.5
924 896 -62.5
924 897 -125
924 920 -187.5
924 923 -750
924 924 1125
925 921 -187.5
925 925 1312.5
925 926 -750
925 927 -187.5
925 943 -150
925 944 -37.5
926 921 -93.75
926 922 -93.75
926 925 -750
926 926 1312.5
926 928 -187.5
926 943 -112.5
926 944 -75
927 925 -187.5
927 927 937.5
927 928 -750
928 926 -187.5
928 927 -750
928 928 937.5
929 669 -93.75
929 670 -300
929 686 384.375
929 687 -651.316
929 700 -25
929 701 -87.5
929 702 -572.917
929 904 -187.5
929 929 2184.38
929 934 -379.934
929 947 -270.833
930 687 -98.6842
930 702 -52.0833
930 904 -215.625
930 905 -65.625
930 930 1265.62
930 931 -421.875
930 934 -182.566
930 947 -229.167
931 687 -78.9474
931 702 -10.4167
931 904 -178.125
931 905 -103.125
931 930 -421.875
931 931 1265.62
931 934 -202.303
931 947 -270.833
932 687 -46.0526
932 904 -125
932 905 -250
932 932 1375
932 933 -250
932 934 -328.947
932 948 -291.667
932 949 -83.3333
933 687 -13.1579
933 904 -62.5
933 905 -312.5
933 932 -250
933 933 1375
933 934 -361.842
933 948 -83.3333
933 949 -291.667
934 671 -625
934 686 -162.829
934 687 1896.81
934 688 -592.105
934 703 -592.105
934 906 -1250
934 929 -379.934
934 930 -182.566
934 931 -202.303
934 932 -328.947
934 933 -361.842
934 934 5346.61
934 935 -1282.89
934 950 -1282.89
935 672 -447.368
935 687 -592.105
935 688 1964.34
935 689 -592.105
935 704 -592.105
935 907 -1062.5
935 908 -187.5
935 934 -1282.89
935 935 5358.03
935 936 -1282.89
935 951 -1282.89
936 673 -447.368
936 688 -592.105
936 689 1918.63
936 690 -78.9474
936 691 -197.368
936 692 -651.316
936 705 -625
936 910 -1062.5
936 911 -187.5
936 935 -1282.89
936 936 5324.79
936 937 -868.421
936 952 -1250
937 689 -162.829
937 692 763.125
937 697 -25
937 706 -171.875
937 913 -225
937 914 -450
937 915 -187.5
937 936 -868.421
937 937 3118.12
937 938 -87.5
937 939 -356.25
937 940 -487.5
937 953 -859.375
938 692 -287.5
938 697 -250
938 917 -303.571
938 918 -71.4286
938 937 -87.5
938 938 1375
938 954 -319.444
938 955 -55.5556
939 692 -206.25
939 917 -139.286
939 918 -385.714
939 937 -356.25
939 939 2092.5
939 940 120
939 941 -412.5
939 942 -150
939 954 -229.167
939 955 -333.333
940 692 -75
940 917 -21.4286
940 918 -203.571
940 919 -187.5
940 937 -487.5
940 939 120
940 940 1980
940 941 -150
940 942 -412.5
940 954 -83.3333
940 955 -479.167
941 921 -206.25
941 922 -131.25
941 939 -412.5
941 940 -150
941 941 1777.5
941 942 60
941 943 -412.5
941 944 -150
941 957 -187.5
941 958 -112.5
941 959 -75
942 921 -75
942 922 -150
942 923 -187.5
942 939 -150
942 940 -412.5
942 941 60
942 942 1665
942 943 -150
942 944 -412.5
942 958 -75
942 959 -112.5
943 925 -150
943 926 -112.5
943 941 -412.5
943 942 -150
943 943 1237.5
943 944 -225
943 961 -187.5
944 925 -37.5
944 926 -75
944 941 -150
944 942 -412.5
944 943 -225
944 944 900
945 945 937.5
945 946 -750
945 948 -187.5
946 945 -750
946 946 937.5
946 948 -125
946 949 -62.5
947 686 -41.6667
947 702 356.481
947 703 -378.289
947 715 -545.455
947 929 -270.833
947 930 -229.167
947 931 -270.833
947 947 2310.19
947 950 -559.211
947 962 -371.212
948 703 -46.0526
948 715 -45.4545
948 932 -291.667
948 933 -83.3333
948 945 -187.5
948 946 -125
948 948 1645.83
948 949 -208.333
948 950 -328.947
948 962 -329.545
949 703 -13.1579
949 715 -5.68182
949 932 -83.3333
949 933 -291.667
949 946 -62.5
949 948 -208.333
949 949 1208.33
949 950 -361.842
949 962 -181.818
950 687 -592.105
950 700 -13.1579
950 701 -46.0526
950 702 -378.289
950 703 1911.36
950 704 -592.105
950 716 -562.5
950 934 -1282.89
950 947 -559.211
950 948 -328.947
950 949 -361.842
950 950 5213.64
950 951 -1282.89
950 963 -1125
951 688 -592.105
951 703 -592.105
951 704 1973.68
951 705 -625
951 717 -562.5
951 935 -1282.89
951 950 -1282.89
951 951 5338.82
951 952 -1250
951 964 -1125
952 689 -531.25
952 704 -531.25
952 705 1847.22
952 706 -560.764
952 718 -500
952 936 -1250
952 951 -1250
952 952 5090.28
952 953 -1220.49
952 965 -1093.75
953 690 -52.0833
953 691 -166.667
953 692 -630.208
953 705 -560.764
953 706 1623.84
953 707 -41.6667
953 708 -114.583
953 719 -138.889
953 937 -859.375
953 952 -1220.49
953 953 4917.82
953 954 -607.639
953 955 -798.611
953 966 -329.861
953 967 -461.806
953 968 -559.028
954 697 -180.556
954 706 -329.861
954 938 -319.444
954 939 -229.167
954 940 -83.3333
954 953 -607.639
954 954 2412.04
954 955 504.63
954 956 -208.333
954 957 -166.667
954 958 -62.5
954 959 -41.6667
954 969 -187.5
954 970 -208.333
954 971 -166.667
954 972 -83.3333
954 973 -41.6667
955 697 -6.94444
955 706 -138.889
955 938 -55.5556
955 939 -333.333
955 940 -479.167
955 953 -798.611
955 954 504.63
955 955 2391.2
955 956 -72.9167
955 957 -114.583
955 958 -125
955 959 -145.833
955 970 -72.9167
955 971 -114.583
955 972 -197.917
955 973 -239.583
956 954 -208.333
956 955 -72.9167
956 956 1031.25
956 957 -468.75
956 960 -234.375
956 961 -46.875
957 941 -187.5
957 954 -166.667
957 955 -114.583
957 956 -468.75
957 957 1218.75
957 960 -46.875
957 961 -234.375
958 941 -112.5
958 942 -75
958 954 -62.5
958 955 -125
958 958 1125
958 959 -750
959 941 -75
959 942 -112.5
959 954 -41.6667
959 955 -145.833
959 958 -750
959 959 1312.5
959 975 -187.5
960 956 -234.375
960 957 -46.875
960 960 796.875
960 961 -515.625
961 943 -187.5
961 956 -46.875
961 957 -234.375
961 960 -515.625
961 961 984.375
962 702 -106.061
962 715 560.95
962 716 -220.588
962 732 -185.95
962 947 -371.212
962 948 -329.545
962 949 -181.818
962 962 2319.73
962 963 -904.412
962 977 -581.095
963 703 -562.5
963 713 -27.5735
963 714 -82.7206
963 715 -617.647
963 716 1660.9
963 717 -529.412
963 733 -463.235
963 950 -1125
963 962 -904.412
963 963 4658.95
963 964 -1158.09
963 978 -849.265
964 704 -562.5
964 716 -529.412
964 717 1699.83
964 718 -529.412
964 734 -463.235
964 951 -1125
964 963 -1158.09
964 964 4675.17
964 965 -1158.09
964 979 -849.265
965 705 -593.75
965 717 -529.412
965 718 1654.41
965 719 -147.059
965 735 -463.235
965 952 -1093.75
965 964 -1158.09
965 965 4610.29
965 966 -349.265
965 967 -488.971
965 968 -591.912
965 980 -849.265
966 706 -607.639
966 718 -588.235
966 719 629.63
966 720 -277.778
966 736 -72.9167
966 737 -114.583
966 738 -451.389
966 953 -329.861
966 965 -349.265
966 966 2995.37
966 969 -659.722
966 981 -173.611
967 706 -194.444
967 718 -167.279
967 738 -31.25
967 953 -461.806
967 965 -488.971
967 967 2197.92
967 968 177.083
967 970 -265.625
967 971 -203.125
967 972 -78.125
967 973 -15.625
967 981 -312.5
967 982 -93.75
967 983 -62.5
968 706 -97.2222
968 718 -64.3382
968 953 -559.028
968 965 -591.912
968 967 177.083
968 968 1947.92
968 970 -15.625
968 971 -78.125
968 972 -203.125
968 973 -265.625
968 981 -31.25
968 982 -93.75
968 983 -125
969 707 -83.3333
969 708 -229.167
969 719 -277.778
969 720 472.222
969 721 -27.7778
969 722 -97.2222
969 723 -312.5
969 739 -72.9167
969 740 -114.583
969 741 -125
969 742 -145.833
969 954 -187.5
969 966 -659.722
969 969 2465.28
969 974 -416.667
969 984 -187.5
970 954 -208.333
970 955 -72.9167
970 967 -265.625
970 968 -15.625
970 970 1265.62
970 971 -421.875
970 984 -62.5
970 985 -218.75
971 954 -166.667
971 955 -114.583
971 967 -203.125
971 968 -78.125
971 970 -421.875
971 971 1078.12
971 985 -93.75
972 954 -83.3333
972 955 -197.917
972 967 -78.125
972 968 -203.125
972 972 1078.12
972 973 -421.875
972 975 -93.75
973 954 -41.6667
973 955 -239.583
973 967 -15.625
973 968 -265.625
973 972 -421.875
973 973 1265.62
973 975 -93.75
973 976 -187.5
974 720 -52.0833
974 723 -187.5
974 726 -23.4375
974 727 -117.188
974 745 -46.875
974 746 -93.75
974 969 -416.667
974 974 1125
974 986 -187.5
975 959 -187.5
975 972 -93.75
975 973 -93.75
975 975 1125
975 976 -750
976 973 -187.5
976 975 -750
976 976 937.5
977 715 -526.86
977 732 560.95
977 733 -288.462
977 747 -5.68182
977 748 -45.4545
977 749 -338.068
977 962 -581.095
977 977 2558.37
977 978 -836.538
977 990 -497.159
978 716 -463.235
978 732 -461.538
978 733 1198.22
978 734 -403.846
978 750 -375
978 963 -849.265
978 977 -836.538
978 978 3849.85
978 979 -908.654
978 991 -750
979 717 -463.235
979 733 -403.846
979 734 1211.54
979 735 -403.846
979 751 -375
979 964 -849.265
979 978 -908.654
979 979 3850.96
979 980 -908.654
979 992 -750
980 718 -463.235
980 734 -403.846
980 735 1153.85
980 736 -7.21154
980 737 -36.0577
980 738 -286.058
980 752 -375
980 965 -849.265
980 979 -908.654
980 980 3706.73
980 981 -420.673
980 982 -173.077
980 983 -187.5
980 993 -750
981 719 -13.8889
981 735 -235.577
981 738 166.667
981 742 -31.25
981 754 -31.25
981 966 -173.611
981 967 -312.5
981 968 -31.25
981 980 -420.673
981 981 2208.33
981 984 -229.167
981 985 -333.333
981 994 -362.5
981 995 -200
982 735 -14.4231
982 967 -93.75
982 968 -93.75
982 980 -173.077
982 982 1312.5
982 983 -750
982 995 -187.5
983 967 -62.5
983 968 -125
983 980 -187.5
983 982 -750
983 983 1125
984 738 -145.833
984 969 -187.5
984 970 -62.5
984 981 -229.167
984 984 1583.33
984 985 -208.333
984 986 -291.667
984 987 -83.3333
984 996 -325
984 997 -50
985 738 -41.6667
985 970 -218.75
985 971 -93.75
985 981 -333.333
985 984 -208.333
985 985 1645.83
985 986 -83.3333
985 987 -291.667
985 996 -200
985 997 -175
986 974 -187.5
986 984 -291.667
986 985 -83.3333
986 986 1270.83
986 987 -333.333
986 998 -325
986 999 -50
987 984 -83.3333
987 985 -291.667
987 986 -333.333
987 987 1083.33
987 998 -200
987 999 -175
988 749 -270.833
988 988 791.667
988 989 -416.667
988 990 -104.167
989 749 -166.667
989 988 -416.667
989 989 791.667
989 990 -208.333
990 732 -159.091
990 749 197.917
990 750 -99.4318
990 761 -25
990 977 -497.159
990 988 -104.167
990 989 -208.333
990 990 1614.58
990 991 -556.818
990 1002 -162.5
991 733 -375
991 747 -22.7273
991 748 -79.5455
991 749 -397.727
991 750 824.38
991 751 -340.909
991 762 -221.591
991 978 -750
991 990 -556.818
991 991 3044.94
991 992 -784.091
991 1003 -340.909
992 734 -375
992 750 -340.909
992 751 867.769
992 752 -340.909
992 763 -221.591
992 979 -750
992 991 -784.091
992 992 3069.73
992 993 -784.091
992 1004 -340.909
993 735 -375
993 751 -340.909
993 752 821.281
993 753 -42.6136
993 754 -127.841
993 764 -221.591
993 980 -750
993 992 -784.091
993 993 3030.99
993 994 -375
993 995 -494.318
993 1005 -340.909
994 738 -162.5
994 752 -187.5
994 765 -105
994 981 -362.5
994 993 -375
994 994 2055
994 995 45
994 996 -412.5
994 997 -150
994 1006 -345
995 738 -25
995 752 -68.1818
995 765 -7.5
995 981 -200
995 982 -187.5
995 993 -494.318
995 994 45
995 995 1605
995 996 -150
995 997 -412.5
995 1006 -105
996 766 -105
996 984 -325
996 985 -200
996 994 -412.5
996 995 -150
996 996 2055
996 997 45
996 998 -412.5
996 999 -150
996 1007 -345
997 766 -7.5
997 984 -50
997 985 -175
997 994 -150
997 995 -412.5
997 996 45
997 997 1417.5
997 998 -150
997 999 -412.5
997 1007 -105
998 986 -325
998 987 -200
998 996 -412.5
998 997 -150
998 998 1492.5
998 999 -30
998 1000 -281.25
998 1001 -93.75
999 986 -50
999 987 -175
999 996 -150
999 997 -412.5
999 998 -30
999 999 1380
999 1000 -187.5
999 1001 -375
1000 998 -281.25
1000 999 -187.5
1000 1000 820.312
1000 1001 -351.562
1001 998 -93.75
1001 999 -375
1001 1000 -351.562
1001 1001 820.312
1002 749 -362.5
1002 761 -180
1002 762 -150
1002 990 -162.5
1002 1002 1267.5
1002 1003 -412.5
1003 750 -221.591
1003 761 -150
1003 763 -150
1003 991 -340.909
1003 1002 -412.5
1003 1003 1687.5
1003 1004 -412.5
1004 751 -221.591
1004 762 -150
1004 764 -150
1004 992 -340.909
1004 1003 -412.5
1004 1004 1687.5
1004 1005 -412.5
1005 752 -221.591
1005 763 -150
1005 765 -150
1005 993 -340.909
1005 1004 -412.5
1005 1005 1687.5
1005 1006 -412.5
1006 754 -37.5
1006 764 -150
1006 765 -45
1006 766 -150
1006 994 -345
1006 995 -105
1006 1005 -412.5
1006 1006 1657.5
1006 1007 -412.5
1007 756 -37.5
1007 765 -150
1007 766 -195
1007 996 -345
1007 997 -105
1007 1006 -412.5
1007 1007 1245
1008 1008 750
1008 1009 -750
1009 1008 -750
1009 1009 750
1010 1010 750
1010 1011 -750
1011 1010 -750
1011 1011 750
1012 1012 750
1012 1013 -750
1013 1012 -750
1013 1013 750
1014 1014 750
1014 1015 -750
1015 1014 -750
1015 1015 750
1016 1016 750
1016 1017 -750
1017 1016 -750
1017 1017 750
1018 1018 750
1018 1019 -750
1019 1018 -750
1019 1019 750
1020 1020 750
1020 1021 -750
1021 1020 -750
1021 1021 750
1022 1022 750
1022 1023 -750
1023 1022 -750
1023 1023 750
1024 1024 750
1024 1025 -750
1025 1024 -750
1025 1025 750
1026 1026 937.5
1026 1027 -750
1026 1028 -187.5
1027 1026 -750
1027 1027 937.5
1027 1029 -187.5
1028 1026 -187.5
1028 1028 937.5
1028 1029 -750
1029 1027 -187.5
1029 1028 -750
1029 1029 937.5
